Year,Round,Team_ID,Player_PAV_Total
2013,1,1,239.55
2013,1,2,205.5
2013,1,3,226.31
2013,1,4,174.67
2013,1,5,201.88
2013,1,6,233.52
2013,1,7,225.04
2013,1,8,124.52
2013,1,9,158.19
2013,1,10,277.35
2013,1,11,152.99
2013,1,12,235.66
2013,1,13,150.13
2013,1,14,275.16
2013,1,15,211.25
2013,1,16,225.3
2013,1,17,230.87
2013,1,18,166.47
2013,2,1,238.73
2013,2,2,206.25
2013,2,3,199.08
2013,2,4,192.74
2013,2,5,201.88
2013,2,6,219.1
2013,2,7,249.18
2013,2,8,124.52
2013,2,9,158.2
2013,2,10,274.36
2013,2,11,154.28
2013,2,12,234.38
2013,2,13,155.87
2013,2,14,265.02
2013,2,15,245.74
2013,2,16,240.04
2013,2,17,222.2
2013,2,18,166.47
2013,3,1,236.09
2013,3,2,201.0
2013,3,3,216.66
2013,3,4,189.3
2013,3,5,213.14
2013,3,6,225.28
2013,3,7,255.19
2013,3,8,118.17
2013,3,9,149.67
2013,3,10,256.08
2013,3,11,147.24
2013,3,12,232.38
2013,3,13,157.22
2013,3,14,258.08
2013,3,15,226.28
2013,3,16,230.38
2013,3,17,226.84
2013,3,18,170.7
2013,4,1,214.43
2013,4,2,188.79
2013,4,3,212.38
2013,4,4,178.63
2013,4,5,190.95
2013,4,6,204.98
2013,4,7,251.84
2013,4,8,104.6
2013,4,9,138.74
2013,4,10,257.08
2013,4,11,145.92
2013,4,12,226.75
2013,4,13,148.02
2013,4,14,258.08
2013,4,15,226.35
2013,4,16,215.03
2013,4,17,235.92
2013,4,18,150.09
2013,5,1,226.69
2013,5,2,163.72
2013,5,3,224.59
2013,5,4,189.22
2013,5,5,189.62
2013,5,6,213.05
2013,5,7,239.76
2013,5,8,103.15
2013,5,9,143.68
2013,5,10,254.84
2013,5,11,152.81
2013,5,12,221.66
2013,5,13,158.5
2013,5,14,228.6
2013,5,15,205.25
2013,5,16,220.65
2013,5,17,228.21
2013,5,18,132.73
2013,6,1,212.5
2013,6,2,178.56
2013,6,3,215.98
2013,6,4,175.55
2013,6,5,196.22
2013,6,6,198.56
2013,6,7,260.56
2013,6,8,119.04
2013,6,9,147.05
2013,6,10,245.79
2013,6,11,147.14
2013,6,12,208.6
2013,6,13,147.6
2013,6,14,226.28
2013,6,15,211.53
2013,6,16,215.74
2013,6,17,236.03
2013,6,18,141.5
2013,7,1,207.42
2013,7,2,195.95
2013,7,3,224.77
2013,7,4,176.83
2013,7,5,196.43
2013,7,6,198.56
2013,7,7,242.76
2013,7,8,111.46
2013,7,9,140.13
2013,7,10,237.07
2013,7,11,122.65
2013,7,12,224.14
2013,7,13,141.72
2013,7,14,243.11
2013,7,15,200.57
2013,7,16,207.64
2013,7,17,217.69
2013,7,18,179.17
2013,8,1,207.42
2013,8,2,189.85
2013,8,3,196.4
2013,8,4,145.21
2013,8,5,183.47
2013,8,6,204.56
2013,8,7,222.79
2013,8,8,118.22
2013,8,9,138.25
2013,8,10,232.12
2013,8,11,137.01
2013,8,12,232.06
2013,8,13,150.89
2013,8,14,222.47
2013,8,15,205.25
2013,8,16,221.16
2013,8,17,271.52
2013,8,18,155.15
2013,9,1,203.26
2013,9,2,173.59
2013,9,3,209.96
2013,9,4,152.29
2013,9,5,207.0
2013,9,6,198.33
2013,9,7,235.05
2013,9,8,89.41
2013,9,9,144.29
2013,9,10,215.62
2013,9,11,142.68
2013,9,12,232.06
2013,9,13,152.39
2013,9,14,242.14
2013,9,15,207.28
2013,9,16,220.04
2013,9,17,244.7
2013,9,18,142.09
2013,10,1,203.91
2013,10,2,144.82
2013,10,3,198.83
2013,10,4,153.36
2013,10,5,185.34
2013,10,6,211.83
2013,10,7,240.32
2013,10,8,102.12
2013,10,9,147.1
2013,10,10,235.43
2013,10,11,127.3
2013,10,12,218.75
2013,10,13,140.02
2013,10,14,229.51
2013,10,15,191.2
2013,10,16,211.13
2013,10,17,251.46
2013,10,18,134.58
2013,11,1,240.11
2013,11,3,261.62
2013,11,4,227.04
2013,11,5,239.37
2013,11,7,239.86
2013,11,8,175.47
2013,11,9,178.78
2013,11,11,179.9
2013,11,12,262.28
2013,11,15,219.37
2013,11,16,240.13
2013,11,17,196.24
2013,12,1,247.41
2013,12,2,227.77
2013,12,3,251.69
2013,12,4,225.81
2013,12,5,240.2
2013,12,6,255.58
2013,12,8,168.38
2013,12,9,184.07
2013,12,10,296.5
2013,12,13,235.72
2013,12,14,267.9
2013,12,18,222.73
2013,13,2,241.49
2013,13,6,247.27
2013,13,7,276.63
2013,13,10,276.17
2013,13,11,175.22
2013,13,12,244.58
2013,13,13,230.2
2013,13,14,267.9
2013,13,15,209.2
2013,13,16,226.8
2013,13,17,198.24
2013,13,18,214.91
2013,14,1,247.04
2013,14,2,233.81
2013,14,3,245.57
2013,14,4,224.82
2013,14,5,249.05
2013,14,6,218.48
2013,14,7,265.64
2013,14,8,172.73
2013,14,9,161.82
2013,14,10,267.22
2013,14,11,179.46
2013,14,12,261.39
2013,14,13,252.11
2013,14,14,249.94
2013,14,15,209.53
2013,14,16,227.2
2013,14,17,182.08
2013,14,18,215.53
2013,15,1,245.62
2013,15,2,247.05
2013,15,3,255.97
2013,15,4,212.24
2013,15,5,246.02
2013,15,6,259.63
2013,15,7,265.64
2013,15,8,188.51
2013,15,9,180.1
2013,15,10,291.06
2013,15,11,183.8
2013,15,12,263.55
2013,15,13,255.95
2013,15,14,244.49
2013,15,15,203.46
2013,15,16,235.65
2013,15,17,192.85
2013,15,18,218.42
2013,16,1,254.03
2013,16,2,240.01
2013,16,3,243.96
2013,16,4,215.97
2013,16,5,228.45
2013,16,6,248.09
2013,16,7,240.7
2013,16,8,179.44
2013,16,9,158.62
2013,16,10,274.82
2013,16,11,181.91
2013,16,12,263.55
2013,16,13,239.06
2013,16,14,259.87
2013,16,15,222.9
2013,16,16,240.08
2013,16,17,187.59
2013,16,18,223.24
2013,17,1,230.68
2013,17,2,237.82
2013,17,3,243.96
2013,17,4,214.22
2013,17,5,204.41
2013,17,6,244.53
2013,17,7,255.28
2013,17,8,163.69
2013,17,9,174.05
2013,17,10,251.24
2013,17,11,184.52
2013,17,12,270.28
2013,17,13,243.81
2013,17,14,268.95
2013,17,15,214.43
2013,17,16,227.72
2013,17,17,195.07
2013,17,18,221.16
2013,18,1,224.8
2013,18,2,232.23
2013,18,3,254.24
2013,18,4,220.77
2013,18,5,224.21
2013,18,6,255.09
2013,18,7,247.73
2013,18,8,146.31
2013,18,9,182.58
2013,18,10,285.01
2013,18,11,173.73
2013,18,12,264.64
2013,18,13,244.3
2013,18,14,265.47
2013,18,15,213.48
2013,18,16,227.72
2013,18,17,181.02
2013,18,18,221.16
2013,19,1,228.88
2013,19,2,231.42
2013,19,3,254.24
2013,19,4,233.75
2013,19,5,228.62
2013,19,6,260.89
2013,19,7,270.14
2013,19,8,184.46
2013,19,9,195.77
2013,19,10,283.74
2013,19,11,183.57
2013,19,12,248.25
2013,19,13,244.3
2013,19,14,255.63
2013,19,15,216.09
2013,19,16,229.6
2013,19,17,168.68
2013,19,18,213.15
2013,20,1,237.88
2013,20,2,228.78
2013,20,3,232.95
2013,20,4,233.75
2013,20,5,242.04
2013,20,6,252.61
2013,20,7,269.36
2013,20,8,183.05
2013,20,9,175.78
2013,20,10,258.02
2013,20,11,166.43
2013,20,12,245.34
2013,20,13,241.09
2013,20,14,254.83
2013,20,15,205.77
2013,20,16,239.28
2013,20,17,196.92
2013,20,18,210.75
2013,21,1,229.75
2013,21,2,240.4
2013,21,3,220.47
2013,21,4,233.75
2013,21,5,226.87
2013,21,6,258.81
2013,21,7,271.53
2013,21,8,169.85
2013,21,9,179.44
2013,21,10,294.11
2013,21,11,178.73
2013,21,12,244.89
2013,21,13,245.89
2013,21,14,252.82
2013,21,15,204.51
2013,21,16,234.21
2013,21,17,184.86
2013,21,18,212.38
2013,22,1,217.49
2013,22,2,236.73
2013,22,3,204.08
2013,22,4,238.83
2013,22,5,222.87
2013,22,6,260.41
2013,22,7,283.33
2013,22,8,148.87
2013,22,9,175.4
2013,22,10,275.22
2013,22,11,185.35
2013,22,12,249.74
2013,22,13,244.46
2013,22,14,265.57
2013,22,15,202.7
2013,22,16,230.57
2013,22,17,189.66
2013,22,18,202.81
2013,23,1,223.03
2013,23,2,236.53
2013,23,3,226.01
2013,23,4,226.9
2013,23,5,198.58
2013,23,6,125.61
2013,23,7,282.47
2013,23,8,159.57
2013,23,9,150.91
2013,23,10,274.78
2013,23,11,179.72
2013,23,12,246.28
2013,23,13,217.07
2013,23,14,247.05
2013,23,15,208.2
2013,23,16,220.16
2013,23,17,168.6
2013,23,18,215.81
2013,24,3,246.54
2013,24,4,232.06
2013,24,6,255.9
2013,24,7,273.58
2013,24,10,273.25
2013,24,13,246.3
2013,24,14,274.76
2013,24,16,241.76
2013,25,3,249.55
2013,25,7,271.14
2013,25,13,246.3
2013,25,16,228.84
2013,26,6,271.5
2013,26,7,272.15
2013,26,10,297.39
2013,26,16,229.29
2013,27,6,271.5
2013,27,10,299.08
2014,1,1,182.77
2014,1,2,207.64
2014,1,3,213.76
2014,1,4,164.91
2014,1,5,202.61
2014,1,6,250.82
2014,1,7,226.05
2014,1,8,152.65
2014,1,9,160.82
2014,1,10,226.84
2014,1,11,133.95
2014,1,12,251.76
2014,1,13,224.62
2014,1,14,226.77
2014,1,15,140.67
2014,1,16,179.14
2014,1,17,177.83
2014,1,18,196.48
2014,2,1,205.02
2014,2,2,200.09
2014,2,3,194.23
2014,2,4,175.81
2014,2,5,202.61
2014,2,6,257.7
2014,2,7,226.23
2014,2,8,164.26
2014,2,9,141.95
2014,2,10,218.23
2014,2,11,133.95
2014,2,12,244.05
2014,2,13,235.3
2014,2,14,223.96
2014,2,15,168.9
2014,2,16,200.32
2014,2,17,182.99
2014,2,18,207.21
2014,3,1,203.75
2014,3,2,206.87
2014,3,3,195.0
2014,3,4,175.2
2014,3,5,225.15
2014,3,6,227.47
2014,3,7,210.05
2014,3,8,158.96
2014,3,9,136.39
2014,3,10,220.95
2014,3,11,140.61
2014,3,12,229.08
2014,3,13,235.3
2014,3,14,216.17
2014,3,15,160.75
2014,3,16,186.37
2014,3,17,178.49
2014,3,18,198.19
2014,4,1,200.68
2014,4,2,179.58
2014,4,3,172.9
2014,4,4,180.07
2014,4,5,209.61
2014,4,6,214.91
2014,4,7,230.33
2014,4,8,157.05
2014,4,9,134.92
2014,4,10,238.67
2014,4,11,136.43
2014,4,12,225.66
2014,4,13,197.97
2014,4,14,196.45
2014,4,15,171.56
2014,4,16,186.37
2014,4,17,153.63
2014,4,18,180.34
2014,5,1,205.02
2014,5,2,149.49
2014,5,3,188.75
2014,5,4,180.07
2014,5,5,203.46
2014,5,6,244.56
2014,5,7,221.65
2014,5,8,162.83
2014,5,9,145.12
2014,5,10,240.2
2014,5,11,131.58
2014,5,12,225.66
2014,5,13,214.64
2014,5,14,191.49
2014,5,15,159.44
2014,5,16,192.83
2014,5,17,178.79
2014,5,18,179.84
2014,6,1,186.66
2014,6,2,159.16
2014,6,3,214.22
2014,6,4,180.07
2014,6,5,191.33
2014,6,6,235.62
2014,6,7,204.7
2014,6,8,161.63
2014,6,9,135.37
2014,6,10,250.56
2014,6,11,130.8
2014,6,12,221.39
2014,6,13,218.82
2014,6,14,191.49
2014,6,15,156.79
2014,6,16,198.71
2014,6,17,170.95
2014,6,18,183.87
2014,7,1,186.66
2014,7,2,153.83
2014,7,3,199.01
2014,7,4,189.63
2014,7,5,216.16
2014,7,6,254.39
2014,7,7,222.45
2014,7,8,180.37
2014,7,9,154.18
2014,7,10,233.8
2014,7,11,130.8
2014,7,12,221.39
2014,7,13,213.1
2014,7,14,233.89
2014,7,15,153.9
2014,7,16,203.73
2014,7,17,181.07
2014,7,18,185.81
2014,8,2,162.42
2014,8,3,197.26
2014,8,5,197.38
2014,8,6,252.19
2014,8,9,125.9
2014,8,10,204.67
2014,8,11,143.28
2014,8,13,220.06
2014,8,15,139.53
2014,8,16,192.82
2014,8,17,187.02
2014,8,18,187.96
2014,9,1,193.29
2014,9,2,128.35
2014,9,4,187.12
2014,9,5,223.64
2014,9,6,249.79
2014,9,7,222.69
2014,9,8,182.18
2014,9,11,135.2
2014,9,12,208.28
2014,9,14,226.34
2014,9,15,137.34
2014,9,16,182.48
2014,10,1,198.73
2014,10,3,191.59
2014,10,4,173.55
2014,10,7,215.58
2014,10,8,167.86
2014,10,9,157.88
2014,10,10,195.19
2014,10,12,213.19
2014,10,13,232.3
2014,10,14,219.09
2014,10,17,186.56
2014,10,18,201.26
2014,11,1,268.76
2014,11,2,201.94
2014,11,3,233.66
2014,11,4,226.75
2014,11,5,244.65
2014,11,6,288.83
2014,11,7,254.14
2014,11,8,196.82
2014,11,9,189.76
2014,11,10,242.57
2014,11,11,221.51
2014,11,12,251.54
2014,11,13,262.76
2014,11,14,228.57
2014,11,15,188.98
2014,11,16,270.65
2014,11,17,244.15
2014,11,18,218.04
2014,12,1,256.13
2014,12,2,212.06
2014,12,3,236.74
2014,12,4,226.77
2014,12,5,236.95
2014,12,6,288.83
2014,12,7,261.93
2014,12,8,198.54
2014,12,9,189.53
2014,12,10,238.65
2014,12,11,230.56
2014,12,12,244.57
2014,12,13,262.87
2014,12,14,235.51
2014,12,15,166.55
2014,12,16,270.65
2014,12,17,252.51
2014,12,18,218.2
2014,13,1,268.1
2014,13,2,208.48
2014,13,3,223.73
2014,13,4,211.23
2014,13,5,234.88
2014,13,6,273.86
2014,13,7,238.92
2014,13,8,208.28
2014,13,9,206.82
2014,13,10,232.68
2014,13,11,232.88
2014,13,12,247.89
2014,13,13,271.03
2014,13,14,235.43
2014,13,15,180.78
2014,13,16,255.14
2014,13,17,227.94
2014,13,18,223.11
2014,14,1,270.34
2014,14,2,199.5
2014,14,3,232.58
2014,14,4,223.64
2014,14,5,229.3
2014,14,6,275.92
2014,14,7,262.65
2014,14,8,204.94
2014,14,9,200.24
2014,14,10,248.51
2014,14,11,232.88
2014,14,12,256.38
2014,14,13,270.43
2014,14,14,240.79
2014,14,15,168.99
2014,14,16,246.62
2014,14,17,240.58
2014,14,18,225.26
2014,15,1,258.02
2014,15,2,213.21
2014,15,3,231.79
2014,15,4,230.76
2014,15,5,240.04
2014,15,6,272.1
2014,15,7,264.54
2014,15,8,197.88
2014,15,9,205.71
2014,15,10,253.4
2014,15,11,215.32
2014,15,12,248.54
2014,15,13,286.17
2014,15,14,250.76
2014,15,15,189.36
2014,15,16,257.26
2014,15,17,239.07
2014,15,18,212.1
2014,16,1,271.66
2014,16,2,209.34
2014,16,3,237.69
2014,16,4,235.87
2014,16,5,235.61
2014,16,6,246.47
2014,16,7,260.35
2014,16,8,200.03
2014,16,9,209.99
2014,16,10,244.96
2014,16,11,225.43
2014,16,12,240.09
2014,16,13,270.88
2014,16,14,235.59
2014,16,15,180.41
2014,16,16,257.02
2014,16,17,234.11
2014,16,18,228.08
2014,17,1,260.42
2014,17,2,198.14
2014,17,3,228.94
2014,17,4,240.75
2014,17,5,225.86
2014,17,6,261.93
2014,17,7,271.33
2014,17,8,195.77
2014,17,9,175.09
2014,17,10,250.14
2014,17,11,228.4
2014,17,12,239.76
2014,17,13,266.66
2014,17,14,252.2
2014,17,15,188.22
2014,17,16,257.92
2014,17,17,211.14
2014,17,18,208.05
2014,18,1,258.19
2014,18,2,208.43
2014,18,3,227.59
2014,18,4,208.7
2014,18,5,236.31
2014,18,6,233.67
2014,18,7,272.39
2014,18,8,181.15
2014,18,9,201.07
2014,18,10,262.91
2014,18,11,213.18
2014,18,12,251.09
2014,18,13,260.19
2014,18,14,244.34
2014,18,15,191.87
2014,18,16,264.8
2014,18,17,219.97
2014,18,18,232.32
2014,19,1,269.96
2014,19,2,208.43
2014,19,3,219.14
2014,19,4,199.85
2014,19,5,226.75
2014,19,6,288.83
2014,19,7,276.64
2014,19,8,188.32
2014,19,9,197.34
2014,19,10,245.98
2014,19,11,210.69
2014,19,12,257.76
2014,19,13,274.95
2014,19,14,249.16
2014,19,15,198.69
2014,19,16,247.91
2014,19,17,230.57
2014,19,18,232.81
2014,20,1,247.74
2014,20,2,200.53
2014,20,3,217.18
2014,20,4,207.88
2014,20,5,221.38
2014,20,6,273.29
2014,20,7,283.48
2014,20,8,207.8
2014,20,9,190.54
2014,20,10,255.45
2014,20,11,211.55
2014,20,12,247.73
2014,20,13,284.37
2014,20,14,251.12
2014,20,15,196.09
2014,20,16,286.51
2014,20,17,228.92
2014,20,18,236.79
2014,21,1,254.63
2014,21,2,204.16
2014,21,3,210.13
2014,21,4,205.57
2014,21,5,243.45
2014,21,6,264.28
2014,21,7,241.51
2014,21,8,177.95
2014,21,9,187.92
2014,21,10,254.98
2014,21,11,212.87
2014,21,12,258.36
2014,21,13,268.6
2014,21,14,246.91
2014,21,15,191.26
2014,21,16,262.34
2014,21,17,219.69
2014,21,18,220.5
2014,22,1,262.02
2014,22,2,200.05
2014,22,3,195.85
2014,22,4,201.06
2014,22,5,226.83
2014,22,6,244.63
2014,22,7,258.52
2014,22,8,179.22
2014,22,9,169.91
2014,22,10,264.0
2014,22,11,226.22
2014,22,12,247.47
2014,22,13,279.38
2014,22,14,239.6
2014,22,15,183.64
2014,22,16,255.13
2014,22,17,217.11
2014,22,18,215.46
2014,23,1,263.59
2014,23,2,164.88
2014,23,3,186.84
2014,23,4,184.89
2014,23,5,227.95
2014,23,6,272.25
2014,23,7,243.67
2014,23,8,175.87
2014,23,9,167.69
2014,23,10,250.76
2014,23,11,209.07
2014,23,12,194.49
2014,23,13,285.5
2014,23,14,255.13
2014,23,15,183.03
2014,23,16,225.27
2014,23,17,225.39
2014,23,18,223.11
2014,24,5,235.75
2014,24,6,271.99
2014,24,7,279.43
2014,24,10,274.08
2014,24,12,239.93
2014,24,13,279.38
2014,24,14,255.13
2014,24,16,278.55
2014,25,6,264.36
2014,25,7,252.46
2014,25,12,252.59
2014,25,13,279.38
2014,26,10,268.78
2014,26,12,254.01
2014,26,13,279.38
2014,26,16,278.55
2014,27,10,269.45
2014,27,16,278.55
2015,1,1,225.93
2015,1,2,169.85
2015,1,3,199.76
2015,1,4,158.09
2015,1,5,241.21
2015,1,6,262.83
2015,1,7,224.15
2015,1,8,174.54
2015,1,9,183.92
2015,1,10,253.55
2015,1,11,143.76
2015,1,12,216.44
2015,1,13,267.03
2015,1,14,227.28
2015,1,15,144.65
2015,1,16,232.54
2015,1,17,195.17
2015,1,18,167.13
2015,2,1,224.65
2015,2,2,147.02
2015,2,3,203.89
2015,2,4,151.16
2015,2,5,218.87
2015,2,6,262.83
2015,2,7,208.3
2015,2,8,158.52
2015,2,9,180.44
2015,2,10,228.22
2015,2,11,171.23
2015,2,12,207.58
2015,2,13,265.8
2015,2,14,206.52
2015,2,15,138.9
2015,2,16,240.28
2015,2,17,200.23
2015,2,18,166.6
2015,3,1,235.86
2015,3,2,148.69
2015,3,3,199.78
2015,3,4,143.17
2015,3,5,229.4
2015,3,6,252.34
2015,3,7,205.71
2015,3,8,173.6
2015,3,9,173.24
2015,3,10,240.55
2015,3,11,160.99
2015,3,12,197.11
2015,3,13,254.52
2015,3,14,208.04
2015,3,15,120.18
2015,3,16,255.94
2015,3,17,201.32
2015,3,18,146.8
2015,4,1,238.54
2015,4,2,156.25
2015,4,3,178.72
2015,4,4,149.48
2015,4,5,236.54
2015,4,6,262.83
2015,4,7,203.38
2015,4,8,173.51
2015,4,9,174.6
2015,4,10,253.42
2015,4,11,163.34
2015,4,12,185.55
2015,4,13,238.65
2015,4,14,189.65
2015,4,15,120.87
2015,4,16,254.2
2015,4,17,196.43
2015,4,18,148.73
2015,5,1,232.84
2015,5,2,145.58
2015,5,3,173.68
2015,5,4,145.55
2015,5,5,222.27
2015,5,6,262.83
2015,5,7,220.92
2015,5,8,149.42
2015,5,9,176.52
2015,5,10,257.22
2015,5,11,164.82
2015,5,12,198.65
2015,5,13,263.55
2015,5,14,205.24
2015,5,15,123.21
2015,5,16,245.6
2015,5,17,195.62
2015,5,18,148.57
2015,6,1,210.67
2015,6,2,149.71
2015,6,3,151.67
2015,6,4,156.0
2015,6,5,217.85
2015,6,6,255.63
2015,6,7,187.88
2015,6,8,123.24
2015,6,9,180.48
2015,6,10,231.64
2015,6,11,154.17
2015,6,12,201.43
2015,6,13,245.95
2015,6,14,227.75
2015,6,15,155.72
2015,6,16,246.66
2015,6,17,190.73
2015,6,18,139.93
2015,7,1,192.41
2015,7,2,153.91
2015,7,3,181.1
2015,7,4,153.53
2015,7,5,201.94
2015,7,6,255.63
2015,7,7,187.62
2015,7,8,160.44
2015,7,9,175.98
2015,7,10,231.18
2015,7,11,176.09
2015,7,12,202.99
2015,7,13,238.1
2015,7,14,193.87
2015,7,15,145.22
2015,7,16,248.4
2015,7,17,192.09
2015,7,18,141.95
2015,8,1,174.97
2015,8,2,147.23
2015,8,3,198.56
2015,8,4,167.53
2015,8,5,224.84
2015,8,6,262.83
2015,8,7,208.79
2015,8,8,142.29
2015,8,9,183.86
2015,8,10,251.31
2015,8,11,157.49
2015,8,12,184.1
2015,8,13,248.33
2015,8,14,217.89
2015,8,15,136.31
2015,8,16,256.9
2015,8,17,196.63
2015,8,18,141.04
2015,9,1,178.72
2015,9,2,146.29
2015,9,3,169.79
2015,9,4,171.4
2015,9,5,224.84
2015,9,6,262.83
2015,9,7,208.79
2015,9,8,134.46
2015,9,9,181.26
2015,9,10,232.45
2015,9,11,170.41
2015,9,12,188.81
2015,9,13,245.17
2015,9,14,209.7
2015,9,15,151.03
2015,9,16,238.43
2015,9,17,189.62
2015,9,18,147.51
2015,10,1,207.49
2015,10,2,122.26
2015,10,3,171.67
2015,10,4,161.38
2015,10,5,196.32
2015,10,6,255.66
2015,10,7,212.1
2015,10,8,115.95
2015,10,9,175.4
2015,10,10,246.38
2015,10,11,155.26
2015,10,12,181.99
2015,10,13,250.41
2015,10,14,217.89
2015,10,15,160.51
2015,10,16,239.79
2015,10,17,191.78
2015,10,18,148.43
2015,11,4,216.52
2015,11,5,212.15
2015,11,6,251.73
2015,11,7,262.94
2015,11,8,151.31
2015,11,9,247.42
2015,11,11,214.02
2015,11,12,252.61
2015,11,13,236.15
2015,11,15,208.54
2015,11,16,252.16
2015,11,17,285.49
2015,12,1,259.55
2015,12,2,205.56
2015,12,3,213.31
2015,12,7,250.82
2015,12,9,229.84
2015,12,10,295.23
2015,12,11,200.34
2015,12,12,264.13
2015,12,13,245.94
2015,12,14,280.3
2015,12,17,284.34
2015,12,18,238.11
2015,13,1,259.55
2015,13,2,209.35
2015,13,3,205.29
2015,13,4,227.14
2015,13,5,198.61
2015,13,6,258.55
2015,13,8,182.53
2015,13,10,288.33
2015,13,14,292.91
2015,13,15,224.82
2015,13,16,247.61
2015,13,18,241.54
2015,14,2,189.55
2015,14,3,183.45
2015,14,4,221.07
2015,14,5,207.28
2015,14,6,258.43
2015,14,8,171.68
2015,14,9,217.86
2015,14,10,277.92
2015,14,11,216.86
2015,14,12,254.07
2015,14,13,236.58
2015,14,14,292.91
2015,14,15,236.22
2015,14,16,231.23
2015,14,17,285.49
2015,14,18,243.79
2015,15,1,256.5
2015,15,2,187.81
2015,15,3,193.35
2015,15,4,221.76
2015,15,5,188.88
2015,15,6,263.6
2015,15,7,261.14
2015,15,8,172.08
2015,15,9,232.51
2015,15,10,281.26
2015,15,11,215.82
2015,15,12,255.0
2015,15,13,227.13
2015,15,14,273.38
2015,15,15,236.22
2015,15,16,239.28
2015,15,17,287.97
2015,15,18,245.99
2015,16,1,254.55
2015,16,2,212.23
2015,16,3,190.09
2015,16,4,225.81
2015,16,5,190.13
2015,16,6,252.33
2015,16,7,247.5
2015,16,8,158.58
2015,16,9,229.27
2015,16,10,277.56
2015,16,11,215.82
2015,16,12,239.22
2015,16,13,225.06
2015,16,14,268.55
2015,16,15,221.19
2015,16,16,236.63
2015,16,17,287.97
2015,16,18,245.82
2015,17,1,253.08
2015,17,2,198.97
2015,17,3,183.71
2015,17,4,218.17
2015,17,5,189.79
2015,17,6,253.94
2015,17,7,257.6
2015,17,8,172.88
2015,17,9,221.26
2015,17,10,265.15
2015,17,11,223.63
2015,17,12,259.44
2015,17,13,215.31
2015,17,14,277.7
2015,17,15,229.54
2015,17,16,217.6
2015,17,17,277.84
2015,17,18,244.47
2015,18,1,271.19
2015,18,2,216.76
2015,18,3,204.47
2015,18,4,200.18
2015,18,5,182.76
2015,18,6,230.72
2015,18,7,251.67
2015,18,8,170.2
2015,18,9,208.02
2015,18,10,308.86
2015,18,11,224.49
2015,18,12,259.44
2015,18,13,218.75
2015,18,14,280.82
2015,18,15,216.37
2015,18,16,240.91
2015,18,17,277.84
2015,18,18,244.47
2015,19,1,253.93
2015,19,2,193.15
2015,19,3,199.87
2015,19,4,201.86
2015,19,5,178.51
2015,19,6,229.1
2015,19,7,248.58
2015,19,8,188.74
2015,19,9,230.66
2015,19,10,299.18
2015,19,11,227.5
2015,19,12,247.05
2015,19,13,213.58
2015,19,14,266.57
2015,19,15,203.1
2015,19,16,237.97
2015,19,17,254.28
2015,19,18,229.15
2015,20,1,253.93
2015,20,2,183.6
2015,20,3,181.65
2015,20,4,209.91
2015,20,5,179.34
2015,20,6,249.81
2015,20,7,254.1
2015,20,8,173.76
2015,20,9,207.01
2015,20,10,290.45
2015,20,11,218.85
2015,20,12,259.11
2015,20,13,212.31
2015,20,14,278.69
2015,20,15,201.2
2015,20,16,249.63
2015,20,17,247.71
2015,20,18,240.15
2015,21,1,252.14
2015,21,2,177.5
2015,21,3,180.34
2015,21,4,213.38
2015,21,5,200.12
2015,21,6,244.85
2015,21,7,247.16
2015,21,8,167.6
2015,21,9,213.13
2015,21,10,299.83
2015,21,11,224.52
2015,21,12,257.28
2015,21,13,217.74
2015,21,14,288.79
2015,21,15,172.41
2015,21,16,222.95
2015,21,17,257.09
2015,21,18,223.88
2015,22,1,257.37
2015,22,2,191.92
2015,22,3,171.7
2015,22,4,194.68
2015,22,5,196.58
2015,22,6,228.81
2015,22,7,239.21
2015,22,8,172.51
2015,22,9,219.34
2015,22,10,259.83
2015,22,11,206.56
2015,22,12,262.66
2015,22,13,216.56
2015,22,14,273.33
2015,22,15,212.92
2015,22,16,242.51
2015,22,17,253.9
2015,22,18,247.9
2015,23,1,257.37
2015,23,2,194.4
2015,23,3,165.25
2015,23,4,176.87
2015,23,5,182.6
2015,23,6,101.98
2015,23,7,223.75
2015,23,8,165.95
2015,23,9,192.79
2015,23,10,250.54
2015,23,11,199.38
2015,23,12,163.28
2015,23,13,218.69
2015,23,14,291.05
2015,23,15,213.19
2015,23,16,241.05
2015,23,17,282.97
2015,23,18,226.29
2015,24,1,260.66
2015,24,6,262.02
2015,24,10,300.4
2015,24,12,264.73
2015,24,14,290.83
2015,24,16,231.28
2015,24,17,266.95
2015,24,18,244.2
2015,25,1,263.76
2015,25,10,291.79
2015,25,12,257.09
2015,25,16,216.97
2015,26,6,250.21
2015,26,10,291.79
2015,26,12,261.36
2015,26,17,290.79
2015,27,10,299.79
2015,27,17,290.79
2016,1,1,209.48
2016,1,2,153.39
2016,1,3,158.34
2016,1,4,195.84
2016,1,5,98.87
2016,1,6,240.54
2016,1,7,215.29
2016,1,8,140.21
2016,1,9,195.5
2016,1,10,253.39
2016,1,11,156.49
2016,1,12,248.29
2016,1,13,232.25
2016,1,14,214.82
2016,1,15,212.06
2016,1,16,172.58
2016,1,17,238.45
2016,1,18,210.24
2016,2,1,215.67
2016,2,2,154.76
2016,2,3,146.03
2016,2,4,169.49
2016,2,5,94.25
2016,2,6,256.99
2016,2,7,215.29
2016,2,8,150.91
2016,2,9,200.44
2016,2,10,244.34
2016,2,11,175.27
2016,2,12,262.37
2016,2,13,208.04
2016,2,14,225.42
2016,2,15,218.53
2016,2,16,185.86
2016,2,17,231.4
2016,2,18,210.24
2016,3,1,210.59
2016,3,2,143.85
2016,3,3,135.78
2016,3,4,165.93
2016,3,5,94.25
2016,3,6,230.82
2016,3,7,189.61
2016,3,8,150.91
2016,3,9,207.07
2016,3,10,258.17
2016,3,11,152.35
2016,3,12,256.97
2016,3,13,186.66
2016,3,14,227.26
2016,3,15,220.27
2016,3,16,187.01
2016,3,17,239.53
2016,3,18,208.3
2016,4,1,221.79
2016,4,2,152.69
2016,4,3,123.97
2016,4,4,184.44
2016,4,5,92.53
2016,4,6,214.91
2016,4,7,200.09
2016,4,8,143.2
2016,4,9,192.41
2016,4,10,255.46
2016,4,11,148.08
2016,4,12,255.82
2016,4,13,216.53
2016,4,14,216.91
2016,4,15,193.41
2016,4,16,204.18
2016,4,17,225.36
2016,4,18,194.61
2016,5,1,233.09
2016,5,2,159.42
2016,5,3,123.66
2016,5,4,157.42
2016,5,5,88.64
2016,5,6,194.6
2016,5,7,199.0
2016,5,8,125.36
2016,5,9,211.33
2016,5,10,281.19
2016,5,11,176.61
2016,5,12,258.82
2016,5,13,210.88
2016,5,14,245.83
2016,5,15,208.56
2016,5,16,198.41
2016,5,17,247.75
2016,5,18,202.27
2016,6,1,233.09
2016,6,2,158.3
2016,6,3,118.89
2016,6,4,154.07
2016,6,5,77.58
2016,6,6,186.53
2016,6,7,190.67
2016,6,8,109.95
2016,6,9,200.17
2016,6,10,264.97
2016,6,11,165.16
2016,6,12,258.82
2016,6,13,165.56
2016,6,14,232.14
2016,6,15,206.35
2016,6,16,189.59
2016,6,17,239.53
2016,6,18,206.56
2016,7,1,226.09
2016,7,2,166.58
2016,7,3,149.44
2016,7,4,147.84
2016,7,5,83.47
2016,7,6,206.81
2016,7,7,195.46
2016,7,8,112.43
2016,7,9,200.17
2016,7,10,234.86
2016,7,11,155.2
2016,7,12,241.32
2016,7,13,186.25
2016,7,14,213.91
2016,7,15,205.56
2016,7,16,189.59
2016,7,17,246.89
2016,7,18,201.61
2016,8,1,217.11
2016,8,2,162.52
2016,8,3,149.44
2016,8,4,168.7
2016,8,5,74.6
2016,8,6,197.55
2016,8,7,207.09
2016,8,8,128.8
2016,8,9,176.86
2016,8,10,244.89
2016,8,11,158.55
2016,8,12,224.36
2016,8,13,189.62
2016,8,14,218.44
2016,8,15,215.21
2016,8,16,201.72
2016,8,17,255.8
2016,8,18,201.61
2016,9,1,215.45
2016,9,2,131.73
2016,9,3,130.66
2016,9,4,168.58
2016,9,5,89.38
2016,9,6,180.88
2016,9,7,200.1
2016,9,8,111.78
2016,9,9,189.85
2016,9,10,261.97
2016,9,11,147.71
2016,9,12,227.99
2016,9,13,207.97
2016,9,14,243.69
2016,9,15,209.83
2016,9,16,211.16
2016,9,17,255.8
2016,9,18,194.33
2016,10,1,215.45
2016,10,2,135.65
2016,10,3,146.86
2016,10,4,168.58
2016,10,5,96.85
2016,10,6,179.05
2016,10,7,216.22
2016,10,8,126.51
2016,10,9,190.31
2016,10,10,261.97
2016,10,11,157.59
2016,10,12,240.58
2016,10,13,194.16
2016,10,14,235.51
2016,10,15,205.06
2016,10,16,197.88
2016,10,17,221.11
2016,10,18,198.92
2016,11,1,293.03
2016,11,2,181.55
2016,11,3,236.8
2016,11,4,203.61
2016,11,5,190.66
2016,11,6,208.43
2016,11,7,296.32
2016,11,8,179.98
2016,11,9,294.79
2016,11,10,267.91
2016,11,11,231.78
2016,11,12,240.47
2016,11,13,249.05
2016,11,14,227.42
2016,11,15,250.88
2016,11,16,246.24
2016,11,17,260.0
2016,11,18,238.66
2016,12,1,310.84
2016,12,2,195.61
2016,12,3,237.36
2016,12,4,199.75
2016,12,5,191.16
2016,12,6,193.62
2016,12,7,295.11
2016,12,8,177.52
2016,12,9,295.46
2016,12,10,237.21
2016,12,11,237.11
2016,12,12,257.45
2016,12,13,249.05
2016,12,14,226.97
2016,12,15,230.65
2016,12,16,248.06
2016,12,17,267.64
2016,12,18,231.89
2016,13,2,195.33
2016,13,5,193.04
2016,13,6,204.79
2016,13,7,293.05
2016,13,9,263.82
2016,13,10,267.91
2016,13,11,237.11
2016,13,12,232.15
2016,13,13,246.52
2016,13,16,245.79
2016,13,17,247.33
2016,13,18,228.4
2016,14,1,312.18
2016,14,2,189.25
2016,14,3,227.72
2016,14,4,206.42
2016,14,6,204.61
2016,14,7,295.37
2016,14,8,175.58
2016,14,9,295.87
2016,14,10,265.6
2016,14,12,235.03
2016,14,14,221.14
2016,14,15,252.54
2016,15,1,312.18
2016,15,3,230.66
2016,15,4,199.47
2016,15,5,193.89
2016,15,8,190.58
2016,15,11,247.61
2016,15,13,238.8
2016,15,14,217.49
2016,15,15,248.38
2016,15,16,248.22
2016,15,17,244.72
2016,15,18,234.05
2016,16,1,306.65
2016,16,2,195.25
2016,16,3,233.91
2016,16,4,209.29
2016,16,5,185.6
2016,16,6,210.78
2016,16,7,280.25
2016,16,8,187.69
2016,16,9,291.62
2016,16,10,282.29
2016,16,11,237.6
2016,16,12,224.2
2016,16,13,238.8
2016,16,14,208.96
2016,16,15,254.84
2016,16,16,235.69
2016,16,17,253.9
2016,16,18,241.64
2016,17,1,305.07
2016,17,2,194.85
2016,17,3,218.95
2016,17,4,214.54
2016,17,5,199.08
2016,17,6,209.89
2016,17,7,284.5
2016,17,8,184.1
2016,17,9,275.48
2016,17,10,263.99
2016,17,11,235.21
2016,17,12,250.04
2016,17,13,238.68
2016,17,14,223.03
2016,17,15,255.02
2016,17,16,244.33
2016,17,17,256.77
2016,17,18,240.96
2016,18,1,306.42
2016,18,2,196.5
2016,18,3,220.56
2016,18,4,225.76
2016,18,5,195.88
2016,18,6,193.28
2016,18,7,276.56
2016,18,8,169.25
2016,18,9,284.66
2016,18,10,261.92
2016,18,11,243.16
2016,18,12,252.94
2016,18,13,236.59
2016,18,14,213.81
2016,18,15,261.86
2016,18,16,233.65
2016,18,17,253.86
2016,18,18,242.52
2016,19,1,305.2
2016,19,2,181.02
2016,19,3,225.46
2016,19,4,208.81
2016,19,5,193.75
2016,19,6,185.66
2016,19,7,283.31
2016,19,8,175.25
2016,19,9,283.11
2016,19,10,240.21
2016,19,11,241.73
2016,19,12,257.2
2016,19,13,243.08
2016,19,14,214.29
2016,19,15,263.26
2016,19,16,240.63
2016,19,17,244.33
2016,19,18,238.36
2016,20,1,278.7
2016,20,2,183.28
2016,20,3,226.37
2016,20,4,216.74
2016,20,5,186.88
2016,20,6,185.02
2016,20,7,286.59
2016,20,8,165.68
2016,20,9,283.28
2016,20,10,245.83
2016,20,11,236.04
2016,20,12,252.94
2016,20,13,249.18
2016,20,14,214.33
2016,20,15,268.36
2016,20,16,240.63
2016,20,17,258.84
2016,20,18,231.12
2016,21,1,295.88
2016,21,2,195.03
2016,21,3,220.18
2016,21,4,202.22
2016,21,5,175.16
2016,21,6,184.53
2016,21,7,288.24
2016,21,8,162.96
2016,21,9,292.64
2016,21,10,272.05
2016,21,11,249.02
2016,21,12,243.75
2016,21,13,242.06
2016,21,14,220.28
2016,21,15,255.03
2016,21,16,240.63
2016,21,17,264.64
2016,21,18,220.87
2016,22,1,312.18
2016,22,2,197.67
2016,22,3,221.29
2016,22,4,196.53
2016,22,5,189.2
2016,22,6,186.57
2016,22,7,277.77
2016,22,8,172.64
2016,22,9,305.62
2016,22,10,274.84
2016,22,11,226.71
2016,22,12,252.51
2016,22,13,227.37
2016,22,14,209.37
2016,22,15,241.88
2016,22,16,243.51
2016,22,17,265.13
2016,22,18,215.07
2016,23,1,280.78
2016,23,2,198.97
2016,23,3,213.28
2016,23,4,192.2
2016,23,5,184.28
2016,23,6,188.5
2016,23,7,289.97
2016,23,8,159.19
2016,23,9,305.62
2016,23,10,249.46
2016,23,11,233.3
2016,23,12,257.18
2016,23,13,221.98
2016,23,14,204.21
2016,23,15,238.27
2016,23,16,243.1
2016,23,17,256.74
2016,23,18,201.66
2016,24,1,312.18
2016,24,7,290.12
2016,24,9,305.62
2016,24,10,255.03
2016,24,12,257.18
2016,24,16,247.26
2016,24,17,251.6
2016,24,18,246.01
2016,25,1,312.18
2016,25,10,268.36
2016,25,16,236.15
2016,25,18,244.19
2016,26,7,284.88
2016,26,9,294.41
2016,26,16,241.44
2016,26,18,252.16
2016,27,16,258.89
2016,27,18,252.16
2017,1,1,237.56
2017,1,2,177.14
2017,1,3,190.43
2017,1,4,192.26
2017,1,5,147.15
2017,1,6,172.5
2017,1,7,223.59
2017,1,8,113.87
2017,1,9,257.4
2017,1,10,209.56
2017,1,11,194.36
2017,1,12,166.31
2017,1,13,214.89
2017,1,14,186.79
2017,1,15,230.71
2017,1,16,196.72
2017,1,17,228.43
2017,1,18,215.95
2017,2,1,253.08
2017,2,2,172.23
2017,2,3,190.43
2017,2,4,187.29
2017,2,5,147.15
2017,2,6,172.5
2017,2,7,223.75
2017,2,8,113.3
2017,2,9,264.49
2017,2,10,191.93
2017,2,11,202.58
2017,2,12,164.78
2017,2,13,216.14
2017,2,14,182.24
2017,2,15,221.31
2017,2,16,174.46
2017,2,17,227.15
2017,2,18,210.35
2017,3,1,246.35
2017,3,2,161.37
2017,3,3,192.3
2017,3,4,189.33
2017,3,5,146.31
2017,3,6,127.91
2017,3,7,238.07
2017,3,8,127.9
2017,3,9,261.46
2017,3,10,187.98
2017,3,11,214.06
2017,3,12,180.8
2017,3,13,217.56
2017,3,14,164.21
2017,3,15,218.38
2017,3,16,157.36
2017,3,17,230.25
2017,3,18,217.26
2017,4,1,234.94
2017,4,2,164.27
2017,4,3,182.77
2017,4,4,196.86
2017,4,5,142.87
2017,4,6,127.91
2017,4,7,235.27
2017,4,8,122.78
2017,4,9,245.85
2017,4,10,203.05
2017,4,11,201.1
2017,4,12,178.48
2017,4,13,235.82
2017,4,14,168.02
2017,4,15,219.3
2017,4,16,166.06
2017,4,17,227.06
2017,4,18,207.93
2017,5,1,244.82
2017,5,2,158.28
2017,5,3,159.2
2017,5,4,183.92
2017,5,5,130.63
2017,5,6,133.56
2017,5,7,226.84
2017,5,8,117.53
2017,5,9,262.12
2017,5,10,207.72
2017,5,11,192.13
2017,5,12,177.7
2017,5,13,226.82
2017,5,14,162.76
2017,5,15,209.17
2017,5,16,194.65
2017,5,17,241.36
2017,5,18,220.86
2017,6,1,263.82
2017,6,2,159.29
2017,6,3,178.98
2017,6,4,172.16
2017,6,5,119.56
2017,6,6,116.17
2017,6,7,224.12
2017,6,8,120.98
2017,6,9,248.15
2017,6,10,191.03
2017,6,11,184.56
2017,6,12,160.13
2017,6,13,226.27
2017,6,14,169.09
2017,6,15,202.44
2017,6,16,176.3
2017,6,17,215.02
2017,6,18,203.18
2017,7,1,260.56
2017,7,2,150.51
2017,7,3,196.95
2017,7,4,176.4
2017,7,5,155.03
2017,7,6,126.57
2017,7,7,220.11
2017,7,8,128.54
2017,7,9,250.99
2017,7,10,214.12
2017,7,11,202.83
2017,7,12,164.11
2017,7,13,235.95
2017,7,14,182.28
2017,7,15,192.52
2017,7,16,182.36
2017,7,17,218.19
2017,7,18,216.63
2017,8,1,251.45
2017,8,2,155.25
2017,8,3,188.33
2017,8,4,166.24
2017,8,5,145.35
2017,8,6,141.58
2017,8,7,233.34
2017,8,8,120.28
2017,8,9,253.43
2017,8,10,194.37
2017,8,11,202.73
2017,8,12,154.4
2017,8,13,236.2
2017,8,14,176.11
2017,8,15,213.09
2017,8,16,182.36
2017,8,17,213.04
2017,8,18,201.23
2017,9,1,233.76
2017,9,2,132.28
2017,9,3,181.29
2017,9,4,175.9
2017,9,5,145.35
2017,9,6,153.32
2017,9,7,224.89
2017,9,9,243.1
2017,9,10,183.17
2017,9,11,202.73
2017,9,12,173.71
2017,9,14,194.5
2017,9,15,198.56
2017,9,16,205.7
2017,9,17,215.44
2017,9,18,187.91
2017,10,1,263.82
2017,10,2,144.62
2017,10,3,165.37
2017,10,4,168.36
2017,10,5,132.48
2017,10,6,159.77
2017,10,7,230.44
2017,10,8,115.9
2017,10,9,197.27
2017,10,10,170.62
2017,10,11,197.02
2017,10,12,167.72
2017,10,13,235.73
2017,10,14,181.72
2017,10,15,187.13
2017,10,16,199.43
2017,10,17,191.73
2017,10,18,215.29
2017,11,1,303.88
2017,11,4,223.81
2017,11,5,258.42
2017,11,6,216.91
2017,11,7,270.29
2017,11,8,210.08
2017,11,9,241.4
2017,11,10,231.72
2017,11,12,241.71
2017,11,13,253.68
2017,11,14,283.4
2017,11,17,243.28
2017,12,1,291.11
2017,12,2,229.84
2017,12,3,228.38
2017,12,4,213.07
2017,12,5,264.01
2017,12,6,209.12
2017,12,8,200.26
2017,12,9,247.92
2017,12,10,226.19
2017,12,11,268.4
2017,12,13,265.12
2017,12,15,238.76
2017,12,16,261.62
2017,12,18,209.76
2017,13,2,229.84
2017,13,3,237.69
2017,13,7,260.6
2017,13,8,200.26
2017,13,11,268.4
2017,13,12,238.49
2017,13,13,267.28
2017,13,14,283.4
2017,13,15,252.85
2017,13,16,263.52
2017,13,17,244.55
2017,13,18,220.92
2017,14,1,294.08
2017,14,2,232.73
2017,14,3,234.24
2017,14,4,233.43
2017,14,5,248.46
2017,14,6,193.5
2017,14,7,256.14
2017,14,8,191.89
2017,14,9,238.47
2017,14,10,246.55
2017,14,11,258.98
2017,14,12,245.18
2017,14,13,255.12
2017,14,14,283.4
2017,14,15,252.85
2017,14,16,258.49
2017,14,17,238.24
2017,14,18,216.73
2017,15,1,281.23
2017,15,2,221.85
2017,15,3,223.73
2017,15,4,241.52
2017,15,5,268.02
2017,15,6,201.68
2017,15,7,236.56
2017,15,8,193.5
2017,15,9,238.35
2017,15,10,239.92
2017,15,11,238.99
2017,15,12,214.59
2017,15,13,266.86
2017,15,14,270.61
2017,15,15,254.62
2017,15,16,260.39
2017,15,17,226.26
2017,15,18,217.1
2017,16,1,289.09
2017,16,2,223.24
2017,16,3,226.62
2017,16,4,214.96
2017,16,5,272.85
2017,16,6,194.64
2017,16,7,257.47
2017,16,8,189.91
2017,16,9,233.07
2017,16,10,239.4
2017,16,11,231.97
2017,16,12,221.17
2017,16,13,262.86
2017,16,14,269.1
2017,16,15,233.73
2017,16,16,260.39
2017,16,17,244.04
2017,16,18,213.86
2017,17,1,302.96
2017,17,2,227.02
2017,17,3,208.98
2017,17,4,233.8
2017,17,5,262.19
2017,17,6,212.33
2017,17,7,253.58
2017,17,8,199.56
2017,17,9,250.05
2017,17,10,239.4
2017,17,11,228.24
2017,17,12,209.5
2017,17,13,256.76
2017,17,14,281.22
2017,17,15,212.43
2017,17,16,257.22
2017,17,17,236.6
2017,17,18,217.46
2017,18,1,292.83
2017,18,2,227.2
2017,18,3,221.91
2017,18,4,225.94
2017,18,5,267.02
2017,18,6,213.76
2017,18,7,265.23
2017,18,8,184.98
2017,18,9,250.33
2017,18,10,240.88
2017,18,11,245.38
2017,18,12,189.98
2017,18,13,253.1
2017,18,14,280.87
2017,18,15,242.32
2017,18,16,259.05
2017,18,17,232.5
2017,18,18,215.95
2017,19,1,270.08
2017,19,2,185.37
2017,19,3,226.04
2017,19,4,231.91
2017,19,5,267.02
2017,19,6,209.53
2017,19,7,251.47
2017,19,8,184.44
2017,19,9,231.22
2017,19,10,240.88
2017,19,11,245.38
2017,19,12,221.63
2017,19,13,257.99
2017,19,14,261.34
2017,19,15,237.9
2017,19,16,243.17
2017,19,17,223.5
2017,19,18,213.8
2017,20,1,295.27
2017,20,2,221.88
2017,20,3,222.88
2017,20,4,231.91
2017,20,5,262.62
2017,20,6,202.01
2017,20,7,221.92
2017,20,8,149.88
2017,20,9,239.1
2017,20,10,231.38
2017,20,11,264.17
2017,20,12,222.81
2017,20,13,250.96
2017,20,14,275.12
2017,20,15,249.42
2017,20,16,275.45
2017,20,17,218.27
2017,20,18,203.35
2017,21,1,295.27
2017,21,2,225.58
2017,21,3,221.1
2017,21,4,208.56
2017,21,5,226.12
2017,21,6,189.4
2017,21,7,227.21
2017,21,8,169.89
2017,21,9,231.88
2017,21,10,238.96
2017,21,11,253.04
2017,21,12,219.75
2017,21,13,250.81
2017,21,14,288.02
2017,21,15,247.03
2017,21,16,275.45
2017,21,17,236.84
2017,21,18,206.17
2017,22,1,295.27
2017,22,2,227.94
2017,22,3,220.0
2017,22,4,193.74
2017,22,5,226.02
2017,22,6,168.82
2017,22,7,235.3
2017,22,8,158.03
2017,22,9,259.16
2017,22,10,231.09
2017,22,11,247.97
2017,22,12,224.58
2017,22,13,241.85
2017,22,14,277.98
2017,22,15,256.98
2017,22,16,262.98
2017,22,17,244.5
2017,22,18,213.51
2017,23,1,275.15
2017,23,2,219.69
2017,23,3,210.69
2017,23,4,208.98
2017,23,5,229.03
2017,23,6,181.78
2017,23,7,258.4
2017,23,8,159.03
2017,23,9,274.05
2017,23,10,224.16
2017,23,11,259.63
2017,23,12,216.92
2017,23,13,240.05
2017,23,14,277.98
2017,23,15,253.67
2017,23,16,251.85
2017,23,17,248.49
2017,23,18,205.05
2017,24,1,281.14
2017,24,5,256.82
2017,24,7,265.07
2017,24,9,261.23
2017,24,13,248.51
2017,24,14,289.16
2017,24,16,267.55
2017,24,17,248.49
2017,25,7,261.63
2017,25,9,247.72
2017,25,16,267.55
2017,25,17,251.93
2017,26,1,292.96
2017,26,7,266.98
2017,26,9,247.72
2017,26,14,289.16
2017,27,1,292.96
2017,27,14,289.16
2018,1,1,212.64
2018,1,2,189.85
2018,1,3,188.33
2018,1,4,209.35
2018,1,5,207.51
2018,1,6,163.74
2018,1,7,195.03
2018,1,8,152.94
2018,1,9,204.49
2018,1,10,217.0
2018,1,11,222.97
2018,1,12,205.79
2018,1,13,210.1
2018,1,14,257.84
2018,1,15,218.59
2018,1,16,242.42
2018,1,17,194.08
2018,1,18,170.94
2018,2,1,214.21
2018,2,2,179.55
2018,2,3,161.69
2018,2,4,203.07
2018,2,5,209.06
2018,2,6,161.89
2018,2,7,174.03
2018,2,8,158.05
2018,2,9,205.54
2018,2,10,220.18
2018,2,11,228.77
2018,2,12,205.79
2018,2,13,229.21
2018,2,14,262.0
2018,2,15,218.59
2018,2,16,238.35
2018,2,17,190.0
2018,2,18,165.78
2018,3,1,225.18
2018,3,2,168.73
2018,3,3,183.13
2018,3,4,199.18
2018,3,5,224.18
2018,3,6,147.19
2018,3,7,173.47
2018,3,8,160.81
2018,3,9,197.96
2018,3,10,205.28
2018,3,11,215.07
2018,3,12,195.77
2018,3,13,229.21
2018,3,14,259.21
2018,3,15,188.65
2018,3,16,249.41
2018,3,17,187.56
2018,3,18,170.22
2018,4,1,225.18
2018,4,2,171.1
2018,4,3,165.33
2018,4,4,188.55
2018,4,5,224.62
2018,4,6,150.76
2018,4,7,193.09
2018,4,8,158.05
2018,4,9,181.68
2018,4,10,184.67
2018,4,11,205.26
2018,4,12,199.5
2018,4,13,224.02
2018,4,14,283.28
2018,4,15,194.74
2018,4,16,249.05
2018,4,17,190.0
2018,4,18,170.08
2018,5,1,193.46
2018,5,2,175.18
2018,5,3,141.86
2018,5,4,188.55
2018,5,5,210.72
2018,5,6,144.98
2018,5,7,193.16
2018,5,8,151.02
2018,5,9,181.68
2018,5,10,185.46
2018,5,11,210.44
2018,5,12,201.33
2018,5,13,233.84
2018,5,14,266.55
2018,5,15,194.84
2018,5,16,245.27
2018,5,17,188.07
2018,5,18,154.86
2018,6,1,207.84
2018,6,2,181.0
2018,6,3,143.96
2018,6,4,184.92
2018,6,5,185.02
2018,6,6,155.36
2018,6,7,184.34
2018,6,8,158.79
2018,6,9,166.43
2018,6,10,188.05
2018,6,11,212.81
2018,6,12,182.03
2018,6,13,224.17
2018,6,14,271.44
2018,6,15,204.93
2018,6,16,198.2
2018,6,17,185.62
2018,6,18,166.37
2018,7,1,205.35
2018,7,2,161.89
2018,7,3,144.39
2018,7,4,193.09
2018,7,5,207.86
2018,7,6,142.26
2018,7,7,181.08
2018,7,8,123.29
2018,7,9,150.99
2018,7,10,193.01
2018,7,11,218.25
2018,7,12,195.42
2018,7,13,208.8
2018,7,14,238.21
2018,7,15,183.75
2018,7,16,208.2
2018,7,17,174.25
2018,7,18,140.97
2018,8,1,215.47
2018,8,2,167.52
2018,8,3,147.32
2018,8,4,170.51
2018,8,5,195.05
2018,8,6,138.27
2018,8,7,192.54
2018,8,8,138.8
2018,8,9,161.92
2018,8,10,215.05
2018,8,11,211.91
2018,8,12,201.6
2018,8,13,228.12
2018,8,14,245.01
2018,8,15,191.2
2018,8,16,206.92
2018,8,17,143.62
2018,8,18,157.77
2018,9,1,171.56
2018,9,2,167.52
2018,9,3,147.13
2018,9,4,188.11
2018,9,5,164.47
2018,9,6,148.73
2018,9,7,206.03
2018,9,8,135.56
2018,9,9,150.87
2018,9,10,203.15
2018,9,11,211.05
2018,9,12,201.6
2018,9,13,228.12
2018,9,14,263.4
2018,9,15,177.4
2018,9,16,235.27
2018,9,17,173.39
2018,9,18,171.46
2018,10,1,194.75
2018,10,2,167.52
2018,10,3,155.5
2018,10,4,189.35
2018,10,5,172.6
2018,10,6,162.62
2018,10,7,174.44
2018,10,9,178.65
2018,10,10,199.06
2018,10,11,211.05
2018,10,12,202.01
2018,10,14,255.33
2018,10,15,182.64
2018,10,16,212.45
2018,10,17,173.39
2018,10,18,160.2
2018,11,1,235.89
2018,11,2,248.61
2018,11,3,174.86
2018,11,4,237.78
2018,11,5,247.42
2018,11,6,200.04
2018,11,7,246.55
2018,11,8,195.23
2018,11,9,263.62
2018,11,10,261.0
2018,11,11,279.26
2018,11,12,275.22
2018,11,13,263.27
2018,11,14,279.27
2018,11,15,206.98
2018,11,16,253.55
2018,11,17,260.31
2018,11,18,199.21
2018,12,1,224.97
2018,12,2,243.07
2018,12,4,248.43
2018,12,5,248.95
2018,12,6,193.0
2018,12,7,250.06
2018,12,8,186.71
2018,12,9,251.5
2018,12,11,278.46
2018,12,12,262.73
2018,12,13,263.93
2018,12,14,260.08
2018,12,15,195.96
2018,12,16,256.01
2018,13,1,222.42
2018,13,3,183.62
2018,13,6,200.45
2018,13,7,252.32
2018,13,8,198.46
2018,13,10,256.5
2018,13,13,253.33
2018,13,14,282.41
2018,13,15,205.13
2018,13,16,259.8
2018,13,17,257.6
2018,13,18,208.19
2018,14,2,247.6
2018,14,3,178.21
2018,14,4,249.13
2018,14,5,248.95
2018,14,8,188.08
2018,14,9,262.06
2018,14,10,255.93
2018,14,11,278.41
2018,14,12,272.37
2018,14,13,260.17
2018,14,17,253.26
2018,14,18,207.8
2018,15,1,231.94
2018,15,2,252.83
2018,15,3,179.0
2018,15,4,240.14
2018,15,5,250.98
2018,15,6,205.69
2018,15,7,258.54
2018,15,8,189.57
2018,15,9,262.52
2018,15,10,233.92
2018,15,11,275.63
2018,15,12,275.83
2018,15,13,243.53
2018,15,14,291.13
2018,15,15,202.63
2018,15,16,259.4
2018,15,17,240.69
2018,15,18,200.76
2018,16,1,232.5
2018,16,2,252.83
2018,16,3,169.88
2018,16,4,239.98
2018,16,5,240.52
2018,16,6,192.38
2018,16,7,253.16
2018,16,8,191.68
2018,16,9,247.22
2018,16,10,253.46
2018,16,11,274.38
2018,16,12,276.05
2018,16,13,250.33
2018,16,14,272.47
2018,16,15,202.69
2018,16,16,246.57
2018,16,17,235.84
2018,16,18,196.86
2018,17,1,238.51
2018,17,2,243.94
2018,17,3,180.12
2018,17,4,235.38
2018,17,5,234.33
2018,17,6,184.13
2018,17,7,243.43
2018,17,8,191.68
2018,17,9,253.38
2018,17,10,240.73
2018,17,11,277.93
2018,17,12,269.39
2018,17,13,253.14
2018,17,14,272.77
2018,17,15,209.87
2018,17,16,241.8
2018,17,17,270.38
2018,17,18,192.17
2018,18,1,242.52
2018,18,2,243.94
2018,18,3,170.01
2018,18,4,247.89
2018,18,5,244.52
2018,18,6,187.85
2018,18,7,256.21
2018,18,8,177.53
2018,18,9,247.05
2018,18,10,233.38
2018,18,11,270.8
2018,18,12,269.39
2018,18,13,244.97
2018,18,14,281.57
2018,18,15,214.25
2018,18,16,241.85
2018,18,17,267.19
2018,18,18,203.39
2018,19,1,240.25
2018,19,2,252.4
2018,19,3,173.65
2018,19,4,246.72
2018,19,5,262.63
2018,19,6,190.25
2018,19,7,260.25
2018,19,8,190.91
2018,19,9,247.14
2018,19,10,227.4
2018,19,11,270.8
2018,19,12,276.39
2018,19,13,249.18
2018,19,14,283.1
2018,19,15,215.71
2018,19,16,252.66
2018,19,17,248.73
2018,19,18,200.26
2018,20,1,227.96
2018,20,2,246.18
2018,20,3,169.05
2018,20,4,241.23
2018,20,5,256.07
2018,20,6,193.53
2018,20,7,235.85
2018,20,8,151.34
2018,20,9,228.35
2018,20,10,235.97
2018,20,11,255.7
2018,20,12,266.29
2018,20,13,249.18
2018,20,14,270.96
2018,20,15,213.15
2018,20,16,250.36
2018,20,17,264.49
2018,20,18,200.64
2018,21,1,228.31
2018,21,2,258.35
2018,21,3,174.84
2018,21,4,239.01
2018,21,5,256.07
2018,21,6,167.84
2018,21,7,249.89
2018,21,8,195.11
2018,21,9,252.76
2018,21,10,221.36
2018,21,11,250.08
2018,21,12,282.67
2018,21,13,250.64
2018,21,14,274.51
2018,21,15,197.92
2018,21,16,256.37
2018,21,17,259.67
2018,21,18,209.48
2018,22,1,248.82
2018,22,2,251.3
2018,22,3,171.58
2018,22,4,233.2
2018,22,5,255.01
2018,22,6,179.88
2018,22,7,243.44
2018,22,8,192.5
2018,22,9,231.13
2018,22,10,217.66
2018,22,11,265.17
2018,22,12,279.42
2018,22,13,239.89
2018,22,14,255.34
2018,22,15,194.21
2018,22,16,261.15
2018,22,17,259.67
2018,22,18,206.62
2018,23,1,226.48
2018,23,2,248.09
2018,23,3,168.24
2018,23,4,233.2
2018,23,5,238.03
2018,23,6,172.68
2018,23,7,245.81
2018,23,8,187.61
2018,23,9,242.42
2018,23,10,237.45
2018,23,11,259.79
2018,23,12,285.16
2018,23,13,231.67
2018,23,14,287.14
2018,23,15,200.87
2018,23,16,232.31
2018,23,17,253.51
2018,23,18,211.03
2018,24,4,257.69
2018,24,7,245.81
2018,24,9,245.7
2018,24,10,262.01
2018,24,11,271.36
2018,24,14,294.31
2018,24,16,265.07
2018,24,17,266.43
2018,25,4,257.69
2018,25,9,239.8
2018,25,10,258.54
2018,25,11,271.36
2018,26,4,257.69
2018,26,11,261.84
2018,26,14,294.31
2018,26,17,260.38
2018,27,4,257.69
2018,27,17,260.38
2019,1,1,214.76
2019,1,2,187.08
2019,1,3,146.66
2019,1,4,216.44
2019,1,5,237.12
2019,1,6,169.7
2019,1,7,203.57
2019,1,8,124.66
2019,1,9,194.94
2019,1,10,221.34
2019,1,11,244.61
2019,1,12,209.76
2019,1,13,170.88
2019,1,14,250.93
2019,1,15,182.24
2019,1,16,238.54
2019,1,17,211.84
2019,1,18,176.72
2019,2,1,210.57
2019,2,2,187.08
2019,2,3,147.5
2019,2,4,220.2
2019,2,5,245.15
2019,2,6,161.12
2019,2,7,203.57
2019,2,8,135.32
2019,2,9,204.43
2019,2,10,217.44
2019,2,11,237.92
2019,2,12,196.54
2019,2,13,170.88
2019,2,14,245.65
2019,2,15,195.81
2019,2,16,236.54
2019,2,17,214.54
2019,2,18,168.25
2019,3,1,193.65
2019,3,2,187.08
2019,3,3,142.58
2019,3,4,231.29
2019,3,5,216.33
2019,3,6,170.33
2019,3,7,197.82
2019,3,8,135.32
2019,3,9,205.21
2019,3,10,178.57
2019,3,11,239.96
2019,3,12,201.61
2019,3,13,197.89
2019,3,14,215.05
2019,3,15,181.06
2019,3,16,242.12
2019,3,17,227.35
2019,3,18,168.25
2019,4,1,160.97
2019,4,2,202.67
2019,4,3,154.41
2019,4,4,234.58
2019,4,5,231.34
2019,4,6,146.84
2019,4,7,203.57
2019,4,8,129.47
2019,4,9,225.24
2019,4,10,202.45
2019,4,11,225.34
2019,4,12,233.29
2019,4,13,197.89
2019,4,14,179.78
2019,4,15,166.14
2019,4,16,227.49
2019,4,17,231.51
2019,4,18,180.95
2019,5,1,175.94
2019,5,2,202.67
2019,5,3,153.04
2019,5,4,227.13
2019,5,5,213.43
2019,5,6,162.47
2019,5,7,208.94
2019,5,8,131.74
2019,5,9,205.21
2019,5,10,178.39
2019,5,11,234.54
2019,5,12,228.1
2019,5,13,189.82
2019,5,14,203.76
2019,5,15,185.39
2019,5,16,227.49
2019,5,17,234.99
2019,5,18,185.47
2019,6,1,156.12
2019,6,2,193.37
2019,6,3,152.2
2019,6,4,241.12
2019,6,5,234.28
2019,6,6,160.33
2019,6,7,214.89
2019,6,8,131.74
2019,6,9,203.59
2019,6,10,190.99
2019,6,11,239.03
2019,6,12,204.09
2019,6,13,180.6
2019,6,14,224.32
2019,6,15,176.84
2019,6,16,199.86
2019,6,17,216.86
2019,6,18,185.41
2019,7,1,173.94
2019,7,2,193.37
2019,7,3,143.94
2019,7,4,224.97
2019,7,5,226.37
2019,7,6,160.33
2019,7,7,189.95
2019,7,8,138.61
2019,7,9,173.4
2019,7,10,201.31
2019,7,11,238.0
2019,7,12,229.0
2019,7,13,165.6
2019,7,14,194.7
2019,7,15,154.76
2019,7,16,217.01
2019,7,17,239.5
2019,7,18,185.41
2019,8,1,162.53
2019,8,2,192.6
2019,8,3,142.2
2019,8,4,214.28
2019,8,5,223.22
2019,8,6,160.81
2019,8,7,186.66
2019,8,8,131.06
2019,8,9,207.9
2019,8,10,183.87
2019,8,11,232.99
2019,8,12,205.82
2019,8,13,143.13
2019,8,14,187.73
2019,8,15,167.11
2019,8,16,204.98
2019,8,17,235.17
2019,8,18,179.28
2019,9,1,164.57
2019,9,2,178.73
2019,9,3,136.01
2019,9,4,224.51
2019,9,5,210.99
2019,9,6,169.76
2019,9,7,193.05
2019,9,8,125.93
2019,9,9,195.63
2019,9,10,174.94
2019,9,11,208.43
2019,9,12,234.19
2019,9,13,137.82
2019,9,14,181.45
2019,9,15,153.62
2019,9,16,176.99
2019,9,17,235.52
2019,9,18,179.28
2019,10,1,156.31
2019,10,2,178.64
2019,10,3,152.5
2019,10,4,208.96
2019,10,5,206.58
2019,10,6,169.76
2019,10,7,184.34
2019,10,8,125.93
2019,10,9,209.16
2019,10,10,171.06
2019,10,11,186.54
2019,10,12,236.13
2019,10,13,168.59
2019,10,14,170.15
2019,10,15,156.55
2019,10,16,204.6
2019,10,17,236.96
2019,10,18,191.33
2019,11,1,227.35
2019,11,2,244.7
2019,11,3,212.31
2019,11,4,255.02
2019,11,5,215.77
2019,11,6,245.98
2019,11,7,257.27
2019,11,8,179.43
2019,11,9,256.57
2019,11,10,220.51
2019,11,11,202.48
2019,11,12,274.05
2019,11,13,230.69
2019,11,14,247.34
2019,11,15,221.46
2019,11,16,235.53
2019,11,17,267.31
2019,11,18,229.98
2019,12,1,226.78
2019,12,2,244.48
2019,12,3,236.59
2019,12,4,253.81
2019,12,7,268.44
2019,12,8,193.67
2019,12,9,257.95
2019,12,11,217.7
2019,12,12,266.72
2019,12,14,224.54
2019,12,16,231.98
2019,12,17,233.74
2019,13,1,226.78
2019,13,3,242.43
2019,13,5,243.03
2019,13,6,232.01
2019,13,8,179.06
2019,13,9,255.19
2019,13,10,228.61
2019,13,12,256.34
2019,13,13,232.33
2019,13,14,219.55
2019,13,15,220.02
2019,13,18,242.46
2019,14,2,260.51
2019,14,4,248.66
2019,14,5,237.42
2019,14,6,232.01
2019,14,7,261.1
2019,14,10,224.82
2019,14,11,211.67
2019,14,13,226.0
2019,14,15,219.76
2019,14,16,248.74
2019,14,17,269.05
2019,14,18,243.41
2019,15,1,218.75
2019,15,2,263.03
2019,15,3,228.35
2019,15,4,229.33
2019,15,5,234.65
2019,15,6,237.52
2019,15,7,255.33
2019,15,8,191.19
2019,15,9,258.47
2019,15,10,229.13
2019,15,11,218.04
2019,15,12,252.17
2019,15,13,213.24
2019,15,14,265.23
2019,15,15,226.89
2019,15,16,251.1
2019,15,17,259.31
2019,15,18,243.41
2019,16,1,237.48
2019,16,2,267.84
2019,16,3,224.38
2019,16,4,232.51
2019,16,5,232.12
2019,16,6,244.36
2019,16,7,254.09
2019,16,8,182.23
2019,16,9,253.12
2019,16,10,219.34
2019,16,11,199.14
2019,16,12,256.62
2019,16,13,239.69
2019,16,14,254.3
2019,16,15,234.37
2019,16,16,245.22
2019,16,17,257.38
2019,16,18,241.34
2019,17,1,236.48
2019,17,2,243.56
2019,17,3,228.29
2019,17,4,228.98
2019,17,5,232.12
2019,17,6,245.04
2019,17,7,263.92
2019,17,8,173.32
2019,17,9,245.84
2019,17,10,214.58
2019,17,11,208.5
2019,17,12,247.78
2019,17,13,235.99
2019,17,14,253.51
2019,17,15,233.77
2019,17,16,247.06
2019,17,17,268.47
2019,17,18,241.34
2019,18,1,245.09
2019,18,2,274.62
2019,18,3,232.18
2019,18,4,230.43
2019,18,5,226.51
2019,18,6,235.7
2019,18,7,254.24
2019,18,8,166.19
2019,18,9,244.2
2019,18,10,227.41
2019,18,11,212.8
2019,18,12,267.72
2019,18,13,241.43
2019,18,14,262.07
2019,18,15,231.26
2019,18,16,230.3
2019,18,17,253.6
2019,18,18,247.97
2019,19,1,217.06
2019,19,2,265.15
2019,19,3,218.04
2019,19,4,232.02
2019,19,5,210.2
2019,19,6,238.07
2019,19,7,234.61
2019,19,8,177.11
2019,19,9,248.85
2019,19,10,231.61
2019,19,11,210.14
2019,19,12,262.47
2019,19,13,232.67
2019,19,14,262.07
2019,19,15,230.88
2019,19,16,229.51
2019,19,17,253.8
2019,19,18,246.97
2019,20,1,225.16
2019,20,2,274.62
2019,20,3,200.68
2019,20,4,248.22
2019,20,5,217.43
2019,20,6,217.59
2019,20,7,237.28
2019,20,8,191.77
2019,20,9,214.62
2019,20,10,219.43
2019,20,11,211.46
2019,20,12,262.01
2019,20,13,218.01
2019,20,14,259.18
2019,20,15,224.45
2019,20,16,226.67
2019,20,17,266.16
2019,20,18,254.44
2019,21,1,228.91
2019,21,2,274.62
2019,21,3,237.08
2019,21,4,242.59
2019,21,5,204.3
2019,21,6,217.59
2019,21,7,252.75
2019,21,8,174.42
2019,21,9,203.22
2019,21,10,209.19
2019,21,11,212.34
2019,21,12,270.5
2019,21,13,220.04
2019,21,14,245.34
2019,21,15,222.71
2019,21,16,238.23
2019,21,17,275.45
2019,21,18,245.11
2019,22,1,219.47
2019,22,2,274.62
2019,22,3,231.86
2019,22,4,242.61
2019,22,5,227.15
2019,22,6,221.82
2019,22,7,245.83
2019,22,8,167.95
2019,22,9,201.6
2019,22,10,230.59
2019,22,11,208.62
2019,22,12,260.84
2019,22,13,223.43
2019,22,14,260.46
2019,22,15,228.64
2019,22,16,235.57
2019,22,17,271.77
2019,22,18,233.95
2019,23,1,226.67
2019,23,2,268.56
2019,23,3,233.96
2019,23,4,239.17
2019,23,5,205.11
2019,23,6,210.39
2019,23,7,253.7
2019,23,8,166.89
2019,23,9,231.1
2019,23,10,233.9
2019,23,11,220.95
2019,23,12,261.39
2019,23,13,219.84
2019,23,14,267.63
2019,23,15,224.65
2019,23,16,242.02
2019,23,17,276.62
2019,23,18,233.89
2019,24,2,274.62
2019,24,4,256.75
2019,24,5,238.24
2019,24,7,247.57
2019,24,9,265.09
2019,24,14,267.4
2019,24,17,264.02
2019,24,18,233.89
2019,25,2,257.94
2019,25,7,249.22
2019,25,9,269.86
2019,25,17,265.23
2019,26,4,261.55
2019,26,7,236.5
2019,26,9,245.2
2019,26,14,267.4
2019,27,9,269.86
2019,27,14,259.09
2020,1,1,194.86
2020,1,2,273.87
2020,1,3,222.69
2020,1,4,230.28
2020,1,5,198.96
2020,1,6,165.71
2020,1,7,222.96
2020,1,8,131.62
2020,1,9,216.42
2020,1,10,206.47
2020,1,11,177.18
2020,1,12,237.47
2020,1,13,223.73
2020,1,14,248.31
2020,1,15,161.66
2020,1,16,199.28
2020,1,17,248.63
2020,1,18,209.81
2020,2,1,187.58
2020,2,2,254.64
2020,2,3,190.83
2020,2,4,223.05
2020,2,5,218.31
2020,2,6,188.72
2020,2,7,242.42
2020,2,8,148.53
2020,2,9,223.59
2020,2,10,221.64
2020,2,11,188.21
2020,2,12,235.94
2020,2,13,235.12
2020,2,14,251.12
2020,2,15,151.43
2020,2,16,215.76
2020,2,17,248.56
2020,2,18,191.96
2020,3,1,177.83
2020,3,2,211.71
2020,3,3,181.94
2020,3,4,223.32
2020,3,6,188.23
2020,3,7,231.99
2020,3,8,147.21
2020,3,9,196.24
2020,3,10,213.54
2020,3,12,222.87
2020,3,13,235.62
2020,3,14,237.66
2020,3,15,151.51
2020,3,16,221.52
2020,3,17,238.46
2020,3,18,207.74
2020,4,1,145.17
2020,4,2,235.53
2020,4,3,171.15
2020,4,4,230.55
2020,4,5,212.92
2020,4,6,186.0
2020,4,7,221.51
2020,4,8,147.21
2020,4,9,226.33
2020,4,10,221.52
2020,4,11,184.17
2020,4,12,208.0
2020,4,13,227.82
2020,4,14,252.64
2020,4,15,161.53
2020,4,16,218.46
2020,4,17,232.31
2020,4,18,197.31
2020,5,1,163.26
2020,5,2,230.82
2020,5,3,173.07
2020,5,4,223.54
2020,5,5,176.58
2020,5,6,164.3
2020,5,7,209.77
2020,5,8,147.21
2020,5,9,213.08
2020,5,10,210.54
2020,5,11,184.17
2020,5,12,211.62
2020,5,13,227.82
2020,5,14,242.54
2020,5,15,163.61
2020,5,16,215.79
2020,5,17,238.24
2020,5,18,188.11
2020,6,1,148.46
2020,6,2,254.64
2020,6,3,177.15
2020,6,4,223.9
2020,6,5,188.68
2020,6,6,168.83
2020,6,7,209.77
2020,6,8,156.11
2020,6,9,213.13
2020,6,10,189.62
2020,6,11,186.07
2020,6,12,192.05
2020,6,13,214.67
2020,6,14,202.53
2020,6,15,159.5
2020,6,16,192.0
2020,6,17,218.28
2020,6,18,192.57
2020,7,1,150.76
2020,7,2,254.64
2020,7,3,177.15
2020,7,4,219.83
2020,7,5,173.79
2020,7,6,150.05
2020,7,7,199.0
2020,7,8,147.21
2020,7,9,214.13
2020,7,10,188.68
2020,7,11,176.64
2020,7,12,196.95
2020,7,13,203.23
2020,7,14,202.53
2020,7,15,149.34
2020,7,16,192.43
2020,7,17,218.28
2020,7,18,188.39
2020,8,1,155.0
2020,8,2,235.53
2020,8,3,166.36
2020,8,4,204.19
2020,8,5,179.73
2020,8,6,166.32
2020,8,7,203.29
2020,8,8,147.21
2020,8,9,221.11
2020,8,10,174.52
2020,8,11,189.47
2020,8,12,198.05
2020,8,13,206.22
2020,8,14,192.22
2020,8,15,161.47
2020,8,16,189.85
2020,8,17,228.97
2020,8,18,170.8
2020,9,1,145.61
2020,9,2,222.47
2020,9,3,168.17
2020,9,4,203.15
2020,9,5,161.53
2020,9,6,167.92
2020,9,7,203.29
2020,9,8,147.21
2020,9,9,228.63
2020,9,10,204.08
2020,9,11,197.08
2020,9,12,163.25
2020,9,13,209.05
2020,9,14,178.78
2020,9,15,157.66
2020,9,16,196.72
2020,9,17,215.09
2020,9,18,199.63
2020,10,1,122.89
2020,10,2,222.47
2020,10,4,215.47
2020,10,5,182.65
2020,10,7,203.16
2020,10,8,141.96
2020,10,9,218.04
2020,10,11,186.71
2020,10,12,181.03
2020,10,13,197.87
2020,10,14,193.1
2020,10,15,150.22
2020,10,16,192.94
2020,10,18,210.31
2020,11,1,172.02
2020,11,2,274.36
2020,11,3,263.25
2020,11,4,192.81
2020,11,5,212.14
2020,11,6,227.93
2020,11,7,278.65
2020,11,8,250.23
2020,11,10,202.9
2020,11,11,220.28
2020,11,12,222.77
2020,11,13,266.74
2020,11,14,244.75
2020,11,15,246.93
2020,11,17,283.06
2020,11,18,264.93
2020,12,1,183.34
2020,12,2,267.92
2020,12,3,247.88
2020,12,4,228.61
2020,12,5,200.75
2020,12,6,241.21
2020,12,7,277.98
2020,12,8,247.9
2020,12,9,230.54
2020,12,10,188.56
2020,12,11,233.17
2020,12,12,181.25
2020,12,13,275.09
2020,12,14,265.56
2020,12,15,265.97
2020,12,16,213.68
2020,12,17,271.06
2020,12,18,242.4
2020,13,1,177.95
2020,13,2,280.26
2020,13,3,266.83
2020,13,4,226.52
2020,13,5,221.12
2020,13,6,234.29
2020,13,7,257.01
2020,13,8,251.66
2020,13,9,238.99
2020,13,10,172.05
2020,13,11,235.17
2020,13,12,197.09
2020,13,13,266.69
2020,13,14,265.84
2020,13,15,263.27
2020,13,16,214.5
2020,13,17,272.67
2020,13,18,268.81
2020,14,3,257.41
2020,14,4,245.72
2020,14,5,208.55
2020,14,6,238.76
2020,14,7,273.63
2020,14,8,253.73
2020,14,9,240.88
2020,14,10,187.01
2020,14,11,239.8
2020,14,12,206.72
2020,14,13,278.89
2020,14,14,266.78
2020,14,15,268.24
2020,14,16,232.01
2020,14,17,253.14
2020,14,18,259.48
2020,15,1,192.76
2020,15,2,280.64
2020,15,3,249.42
2020,15,4,238.74
2020,15,5,212.13
2020,15,6,239.26
2020,15,9,237.55
2020,15,10,181.75
2020,15,11,245.74
2020,15,14,258.64
2020,15,16,225.56
2020,15,17,255.81
2020,16,1,194.1
2020,16,2,273.01
2020,16,3,246.09
2020,16,5,206.46
2020,16,6,239.26
2020,16,7,246.45
2020,16,8,253.73
2020,16,9,210.65
2020,16,10,185.96
2020,16,11,237.34
2020,16,12,214.98
2020,16,13,282.42
2020,16,15,249.85
2020,16,16,225.56
2020,16,17,225.44
2020,16,18,261.92
2020,17,1,173.8
2020,17,2,247.3
2020,17,3,253.36
2020,17,4,236.51
2020,17,5,201.91
2020,17,6,232.45
2020,17,7,252.91
2020,17,8,244.75
2020,17,9,220.44
2020,17,10,181.15
2020,17,11,232.56
2020,17,12,211.03
2020,17,13,290.84
2020,17,14,270.49
2020,17,15,274.13
2020,17,16,200.24
2020,17,17,232.03
2020,17,18,257.58
2020,18,1,195.57
2020,18,2,266.67
2020,18,3,249.81
2020,18,4,238.13
2020,18,5,209.1
2020,18,6,227.07
2020,18,7,283.05
2020,18,8,251.48
2020,18,9,218.86
2020,18,10,189.19
2020,18,11,241.24
2020,18,12,208.85
2020,18,13,279.47
2020,18,14,250.53
2020,18,15,265.89
2020,18,16,232.79
2020,18,17,247.3
2020,18,18,264.6
2020,19,2,292.74
2020,19,4,239.21
2020,19,7,287.69
2020,19,13,295.74
2020,19,14,270.49
2020,19,15,270.84
2020,19,17,279.51
2020,19,18,264.6
2020,20,4,239.21
2020,20,7,287.18
2020,20,14,279.14
2020,20,15,256.94
2020,21,2,282.61
2020,21,7,287.18
2020,21,13,295.74
2020,21,14,279.14
2020,22,7,287.18
2020,22,14,279.14
2021,1,1,147.93
2021,1,2,259.43
2021,1,3,225.44
2021,1,4,226.14
2021,1,5,170.7
2021,1,6,160.83
2021,1,7,226.88
2021,1,8,243.71
2021,1,9,163.09
2021,1,10,139.41
2021,1,11,214.97
2021,1,12,123.9
2021,1,13,241.95
2021,1,14,267.01
2021,1,15,190.52
2021,1,16,195.82
2021,1,17,255.01
2021,1,18,225.96
2021,2,1,142.94
2021,2,2,244.06
2021,2,3,237.33
2021,2,4,236.05
2021,2,5,174.65
2021,2,6,187.22
2021,2,7,204.89
2021,2,8,252.04
2021,2,9,169.41
2021,2,10,147.63
2021,2,11,232.27
2021,2,12,148.49
2021,2,13,245.27
2021,2,14,271.74
2021,2,15,216.96
2021,2,16,176.43
2021,2,17,260.68
2021,2,18,237.53
2021,3,1,147.93
2021,3,2,223.77
2021,3,3,210.68
2021,3,4,225.09
2021,3,5,158.6
2021,3,6,185.91
2021,3,7,209.16
2021,3,8,239.92
2021,3,9,157.58
2021,3,10,157.66
2021,3,11,243.04
2021,3,12,151.61
2021,3,13,244.99
2021,3,14,270.04
2021,3,15,223.29
2021,3,16,183.1
2021,3,17,274.72
2021,3,18,230.79
2021,4,1,147.89
2021,4,2,265.09
2021,4,3,231.73
2021,4,4,223.31
2021,4,5,156.84
2021,4,6,193.61
2021,4,7,221.39
2021,4,8,227.96
2021,4,9,159.09
2021,4,10,159.42
2021,4,11,243.04
2021,4,12,131.97
2021,4,13,239.95
2021,4,14,250.07
2021,4,15,235.08
2021,4,16,179.47
2021,4,17,265.62
2021,4,18,225.7
2021,5,1,141.7
2021,5,2,272.48
2021,5,3,231.37
2021,5,4,189.04
2021,5,5,152.89
2021,5,6,224.79
2021,5,7,271.7
2021,5,8,217.96
2021,5,9,159.76
2021,5,10,153.18
2021,5,11,220.73
2021,5,12,111.92
2021,5,13,221.86
2021,5,14,268.66
2021,5,15,199.26
2021,5,16,178.57
2021,5,17,234.03
2021,5,18,215.88
2021,6,1,147.22
2021,6,2,257.98
2021,6,3,229.5
2021,6,4,190.64
2021,6,5,152.74
2021,6,6,214.96
2021,6,7,243.72
2021,6,8,225.93
2021,6,9,165.38
2021,6,10,153.04
2021,6,11,248.89
2021,6,12,108.74
2021,6,13,221.86
2021,6,14,268.66
2021,6,15,235.08
2021,6,16,202.16
2021,6,17,222.3
2021,6,18,221.03
2021,7,1,130.3
2021,7,2,223.05
2021,7,3,211.46
2021,7,4,182.94
2021,7,5,160.47
2021,7,6,211.79
2021,7,7,239.54
2021,7,8,225.93
2021,7,9,171.68
2021,7,10,145.12
2021,7,11,228.89
2021,7,12,113.99
2021,7,13,214.29
2021,7,14,230.52
2021,7,15,226.51
2021,7,16,199.12
2021,7,17,215.73
2021,7,18,193.26
2021,8,1,147.07
2021,8,2,236.03
2021,8,3,203.32
2021,8,4,187.4
2021,8,5,164.68
2021,8,6,205.93
2021,8,7,223.71
2021,8,8,225.93
2021,8,9,166.73
2021,8,10,147.98
2021,8,11,221.82
2021,8,12,121.29
2021,8,13,236.37
2021,8,14,240.12
2021,8,15,223.51
2021,8,16,209.25
2021,8,17,210.1
2021,8,18,192.42
2021,9,1,136.74
2021,9,2,236.03
2021,9,3,210.62
2021,9,4,185.67
2021,9,5,162.73
2021,9,6,212.22
2021,9,7,212.97
2021,9,8,191.33
2021,9,9,137.94
2021,9,10,146.55
2021,9,11,227.56
2021,9,12,136.27
2021,9,13,216.32
2021,9,14,220.21
2021,9,15,217.76
2021,9,16,209.87
2021,9,17,233.52
2021,9,18,202.31
2021,10,1,140.62
2021,10,2,217.77
2021,10,3,197.84
2021,10,4,209.3
2021,10,5,150.01
2021,10,6,199.78
2021,10,7,227.65
2021,10,8,198.27
2021,10,9,148.55
2021,10,10,135.54
2021,10,11,222.65
2021,10,12,143.13
2021,10,13,232.56
2021,10,14,220.21
2021,10,15,196.57
2021,10,16,212.63
2021,10,17,254.77
2021,10,18,197.59
2021,11,1,232.2
2021,11,2,287.11
2021,11,3,227.98
2021,11,4,208.02
2021,11,5,235.72
2021,11,6,233.15
2021,11,7,242.96
2021,11,8,218.79
2021,11,9,211.19
2021,11,10,213.14
2021,11,11,293.86
2021,11,12,222.01
2021,11,13,274.93
2021,11,14,225.41
2021,11,15,227.39
2021,11,16,248.77
2021,11,17,241.91
2021,11,18,264.52
2021,12,1,228.05
2021,12,2,304.34
2021,12,3,230.03
2021,12,4,199.17
2021,12,5,229.26
2021,12,6,233.74
2021,12,11,281.64
2021,12,14,228.79
2021,12,15,229.26
2021,12,16,273.82
2021,12,17,204.34
2021,12,18,270.09
2021,13,1,227.68
2021,13,4,204.07
2021,13,6,205.47
2021,13,7,259.32
2021,13,8,223.51
2021,13,9,229.7
2021,13,10,206.87
2021,13,11,289.98
2021,13,12,231.64
2021,13,13,267.38
2021,13,14,227.22
2021,13,15,216.27
2021,13,16,265.7
2021,13,17,220.0
2021,14,2,278.02
2021,14,3,231.9
2021,14,5,244.04
2021,14,7,263.31
2021,14,8,224.92
2021,14,9,234.51
2021,14,10,201.97
2021,14,12,233.98
2021,14,13,271.71
2021,14,18,269.74
2021,15,1,233.02
2021,15,2,293.89
2021,15,3,230.88
2021,15,4,234.87
2021,15,5,247.04
2021,15,6,221.21
2021,15,7,266.45
2021,15,8,214.84
2021,15,9,230.96
2021,15,10,208.8
2021,15,11,302.77
2021,15,12,227.62
2021,15,13,256.72
2021,15,14,227.11
2021,15,15,232.53
2021,15,16,274.66
2021,15,17,250.42
2021,15,18,265.73
2021,16,1,217.14
2021,16,2,291.33
2021,16,3,220.08
2021,16,4,228.71
2021,16,5,259.09
2021,16,6,233.64
2021,16,7,276.56
2021,16,8,213.81
2021,16,9,243.76
2021,16,10,200.22
2021,16,11,300.23
2021,16,12,227.39
2021,16,13,263.94
2021,16,14,226.32
2021,16,15,238.11
2021,16,16,281.74
2021,16,17,226.05
2021,16,18,269.22
2021,17,1,207.35
2021,17,2,298.7
2021,17,3,216.58
2021,17,4,219.71
2021,17,5,248.89
2021,17,6,232.01
2021,17,7,255.41
2021,17,8,221.8
2021,17,9,247.47
2021,17,10,191.84
2021,17,11,307.92
2021,17,12,229.01
2021,17,13,264.96
2021,17,14,213.52
2021,17,15,238.45
2021,17,16,272.27
2021,17,17,238.64
2021,17,18,257.99
2021,18,1,223.08
2021,18,2,285.98
2021,18,3,214.21
2021,18,4,223.51
2021,18,5,253.15
2021,18,6,232.4
2021,18,7,257.92
2021,18,8,223.01
2021,18,9,211.03
2021,18,10,174.87
2021,18,11,296.88
2021,18,12,217.26
2021,18,13,254.08
2021,18,14,231.03
2021,18,15,238.16
2021,18,16,256.71
2021,18,17,222.26
2021,18,18,253.71
2021,19,1,226.88
2021,19,2,286.56
2021,19,3,212.82
2021,19,4,201.83
2021,19,5,252.29
2021,19,6,214.94
2021,19,7,269.3
2021,19,8,214.57
2021,19,9,219.71
2021,19,10,207.57
2021,19,11,307.92
2021,19,12,222.37
2021,19,13,272.85
2021,19,14,220.5
2021,19,15,227.94
2021,19,16,264.14
2021,19,17,224.22
2021,19,18,269.13
2021,20,1,227.83
2021,20,2,286.34
2021,20,3,202.99
2021,20,4,210.45
2021,20,5,251.86
2021,20,6,198.4
2021,20,7,258.29
2021,20,8,199.29
2021,20,9,232.32
2021,20,10,197.81
2021,20,11,303.51
2021,20,12,191.61
2021,20,13,280.1
2021,20,14,218.12
2021,20,15,227.6
2021,20,16,275.89
2021,20,17,228.49
2021,20,18,264.28
2021,21,1,207.69
2021,21,2,276.13
2021,21,3,206.67
2021,21,4,210.28
2021,21,5,239.14
2021,21,6,198.98
2021,21,7,244.28
2021,21,8,203.29
2021,21,9,170.88
2021,21,10,206.71
2021,21,11,281.52
2021,21,12,215.58
2021,21,13,289.75
2021,21,14,207.65
2021,21,15,217.8
2021,21,16,266.37
2021,21,17,223.88
2021,21,18,270.78
2021,22,1,202.85
2021,22,2,277.4
2021,22,3,163.69
2021,22,4,208.76
2021,22,5,240.91
2021,22,6,182.06
2021,22,7,244.49
2021,22,8,195.71
2021,22,9,208.54
2021,22,10,183.29
2021,22,11,262.8
2021,22,12,210.78
2021,22,13,279.84
2021,22,14,203.73
2021,22,15,224.65
2021,22,16,247.31
2021,22,17,234.86
2021,22,18,279.5
2021,23,1,204.37
2021,23,2,272.59
2021,23,3,176.69
2021,23,4,195.27
2021,23,5,247.42
2021,23,6,181.11
2021,23,7,252.93
2021,23,8,184.12
2021,23,9,218.16
2021,23,10,196.96
2021,23,11,295.79
2021,23,12,199.94
2021,23,13,282.46
2021,23,14,191.7
2021,23,15,214.65
2021,23,16,264.99
2021,23,17,205.24
2021,23,18,278.15
2021,24,2,290.63
2021,24,5,233.95
2021,24,7,258.85
2021,24,9,236.22
2021,24,11,295.79
2021,24,13,288.45
2021,24,16,255.22
2021,24,18,272.61
2021,25,2,284.21
2021,25,7,269.92
2021,25,9,213.96
2021,25,18,272.61
2021,26,7,264.98
2021,26,11,301.7
2021,26,13,288.45
2021,26,18,268.63
2021,27,11,301.7
2021,27,18,277.06
2022,1,1,156.19
2022,1,2,265.28
2022,1,3,156.67
2022,1,4,177.64
2022,1,5,214.8
2022,1,6,173.39
2022,1,7,236.32
2022,1,8,185.58
2022,1,9,206.89
2022,1,10,149.82
2022,1,11,279.64
2022,1,12,197.87
2022,1,13,253.74
2022,1,14,220.09
2022,1,15,202.23
2022,1,16,223.09
2022,1,17,140.9
2022,1,18,258.22
2022,2,1,144.26
2022,2,2,256.13
2022,2,3,178.84
2022,2,4,191.04
2022,2,5,230.62
2022,2,6,168.25
2022,2,7,251.1
2022,2,8,177.15
2022,2,9,200.72
2022,2,10,166.4
2022,2,11,273.72
2022,2,12,189.13
2022,2,13,227.27
2022,2,14,184.17
2022,2,15,187.05
2022,2,16,235.9
2022,2,17,91.48
2022,2,18,255.87
2022,3,1,153.15
2022,3,2,265.28
2022,3,3,157.47
2022,3,4,201.59
2022,3,5,203.24
2022,3,6,133.87
2022,3,7,249.79
2022,3,8,182.41
2022,3,9,190.59
2022,3,10,151.78
2022,3,11,267.33
2022,3,12,177.45
2022,3,13,226.42
2022,3,14,193.96
2022,3,15,205.96
2022,3,16,236.37
2022,3,17,163.2
2022,3,18,259.08
2022,4,1,174.11
2022,4,2,250.97
2022,4,3,169.11
2022,4,4,195.71
2022,4,5,191.28
2022,4,6,166.42
2022,4,7,218.21
2022,4,8,176.84
2022,4,9,182.04
2022,4,10,145.51
2022,4,11,282.88
2022,4,12,184.37
2022,4,13,228.9
2022,4,14,198.42
2022,4,15,201.83
2022,4,16,221.81
2022,4,17,152.34
2022,4,18,245.74
2022,5,2,264.68
2022,5,4,190.58
2022,5,12,177.34
2022,5,18,253.94
2022,5,17,168.96
2022,5,16,210.93
2022,5,15,194.14
2022,5,8,167.19
2022,5,1,173.29
2022,5,14,206.58
2022,5,11,279.97
2022,5,9,184.21
2022,5,3,167.25
2022,5,13,211.3
2022,5,5,186.77
2022,5,6,178.21
2022,5,10,164.83
2022,5,7,241.44
2022,6,9,207.49
2022,6,15,196.43
2022,6,18,226.46
2022,6,1,156.19
2022,6,13,231.2
2022,6,17,156.55
2022,6,6,188.11
2022,6,3,166.44
2022,6,12,171.45
2022,6,7,221.22
2022,6,8,175.91
2022,6,2,258.99
2022,6,14,204.54
2022,6,11,246.22
2022,6,10,150.13
2022,6,16,218.68
2022,6,5,209.32
2022,6,4,193.54
2022,7,17,170.91
2022,7,14,210.02
2022,7,7,255.03
2022,7,6,259.07
2022,7,1,204.12
2022,7,9,221.05
2022,7,11,264.09
2022,7,10,203.45
2022,7,15,280.41
2022,7,13,207.69
2022,7,3,218.16
2022,7,12,202.19
2022,7,4,228.97
2022,7,8,264.63
2022,7,18,208.57
2022,7,5,209.75
2022,7,16,271.23
2022,7,2,315.15
2022,8,13,209.92
2022,8,18,189.14
2022,8,6,217.63
2022,8,12,191.15
2022,8,14,237.53
2022,8,4,229.95
2022,8,16,269.32
2022,8,8,255.17
2022,8,9,221.05
2022,8,7,237.81
2022,8,5,205.83
2022,8,10,213.61
2022,8,2,283.49
2022,8,17,158.21
2022,8,11,303.14
2022,8,15,298.26
2022,8,3,231.79
2022,8,1,179.26
2022,9,4,207.15
2022,9,18,195.51
2022,9,10,214.13
2022,9,14,220.61
2022,9,12,179.85
2022,9,13,199.48
2022,9,15,280.35
2022,9,7,262.27
2022,9,16,261.91
2022,9,5,222.05
2022,9,1,182.44
2022,9,2,282.19
2022,9,8,251.66
2022,9,6,260.28
2022,9,9,210.03
2022,9,3,227.05
2022,9,17,151.47
2022,9,11,303.14
2022,10,3,244.36
2022,10,16,264.02
2022,10,7,261.81
2022,10,13,271.58
2022,10,18,240.65
2022,10,8,261.37
2022,10,12,205.76
2022,10,11,293.61
2022,10,1,185.57
2022,10,15,259.6
2022,10,14,255.57
2022,10,5,219.58
2022,10,9,200.77
2022,10,17,162.28
2022,10,10,214.46
2022,10,2,288.59
2022,10,6,276.55
2022,10,4,255.18
2022,11,16,252.92
2022,11,14,249.46
2022,11,2,286.2
2022,11,9,205.54
2022,11,7,248.71
2022,11,1,164.71
2022,11,11,286.79
2022,11,6,268.89
2022,11,17,154.09
2022,11,18,240.34
2022,11,8,244.5
2022,11,10,223.08
2022,11,15,256.98
2022,11,12,205.76
2022,11,4,257.29
2022,11,3,228.82
2022,11,13,279.12
2022,11,5,204.33
2022,12,18,258.9
2022,12,7,260.13
2022,12,1,165.1
2022,12,17,151.78
2022,12,8,237.72
2022,12,12,195.99
2022,12,11,275.93
2022,12,16,257.46
2022,12,10,212.89
2022,12,4,258.17
2022,12,6,266.72
2022,12,2,297.72
2022,13,14,249.05
2022,13,13,278.24
2022,13,5,219.07
2022,13,3,243.25
2022,13,6,279.67
2022,13,10,196.66
2022,13,2,291.13
2022,13,15,268.27
2022,13,12,202.3
2022,13,9,214.43
2022,13,4,260.57
2022,13,11,267.38
2022,14,14,255.05
2022,14,3,230.83
2022,14,15,256.05
2022,14,5,204.19
2022,14,13,245.34
2022,14,16,269.05
2022,14,17,156.82
2022,14,7,267.48
2022,14,9,206.85
2022,14,18,245.85
2022,14,8,237.74
2022,14,1,173.98
2022,15,11,275.51
2022,15,2,246.92
2022,15,18,230.2
2022,15,10,204.74
2022,15,17,149.78
2022,15,5,187.07
2022,15,3,220.68
2022,15,6,248.76
2022,15,7,272.64
2022,15,14,241.66
2022,15,16,259.82
2022,15,15,244.33
2022,15,12,185.79
2022,15,1,169.82
2022,15,4,241.4
2022,15,9,207.1
2022,15,13,252.64
2022,15,8,236.83
2022,16,2,287.88
2022,16,18,213.56
2022,16,3,234.38
2022,16,15,269.87
2022,16,5,196.27
2022,16,16,271.39
2022,16,1,172.74
2022,16,11,262.08
2022,16,7,249.65
2022,16,12,190.21
2022,16,8,229.95
2022,16,4,249.16
2022,16,14,247.99
2022,16,17,143.0
2022,16,9,211.39
2022,16,10,218.5
2022,16,6,263.17
2022,16,13,248.17
2022,17,7,263.25
2022,17,11,296.31
2022,17,16,263.09
2022,17,18,229.68
2022,17,4,227.8
2022,17,12,179.23
2022,17,8,239.08
2022,17,14,239.4
2022,17,15,250.34
2022,17,6,262.25
2022,17,13,258.96
2022,17,9,211.34
2022,17,2,220.21
2022,17,5,179.84
2022,17,10,203.49
2022,17,1,170.85
2022,17,17,144.93
2022,17,3,250.72
2022,18,18,237.75
2022,18,15,235.81
2022,18,1,185.38
2022,18,4,224.03
2022,18,9,218.05
2022,18,2,230.44
2022,18,12,191.96
2022,18,14,244.97
2022,18,3,260.93
2022,18,7,269.11
2022,18,6,266.05
2022,18,16,266.63
2022,18,10,201.2
2022,18,17,166.2
2022,18,11,251.79
2022,18,13,264.91
2022,18,5,216.7
2022,18,8,247.78
2022,19,14,243.85
2022,19,6,247.7
2022,19,12,186.83
2022,19,10,202.45
2022,19,16,266.63
2022,19,1,185.38
2022,19,13,253.27
2022,19,7,270.76
2022,19,2,275.61
2022,19,8,236.87
2022,19,18,249.83
2022,19,11,261.91
2022,19,3,240.18
2022,19,9,173.68
2022,19,4,251.09
2022,19,5,216.7
2022,19,17,166.85
2022,19,15,235.9
2022,20,6,264.14
2022,20,11,260.7
2022,20,4,256.17
2022,20,13,228.38
2022,20,16,266.63
2022,20,9,201.97
2022,20,15,217.78
2022,20,10,202.05
2022,20,7,265.46
2022,20,18,243.01
2022,20,1,175.88
2022,20,3,239.54
2022,20,8,221.12
2022,20,17,170.04
2022,20,14,247.97
2022,20,2,259.18
2022,20,5,196.12
2022,20,12,168.12
2022,21,11,264.29
2022,21,4,251.27
2022,21,10,190.41
2022,21,8,233.25
2022,21,9,214.65
2022,21,5,210.7
2022,21,18,249.73
2022,21,6,257.91
2022,21,7,250.86
2022,21,15,228.96
2022,21,13,228.55
2022,21,14,246.39
2022,21,12,197.77
2022,21,16,270.84
2022,21,2,278.73
2022,21,3,218.42
2022,21,17,174.35
2022,21,1,175.88
2022,22,15,234.85
2022,22,2,269.22
2022,22,18,248.81
2022,22,9,191.9
2022,22,1,197.27
2022,22,12,198.23
2022,22,8,226.19
2022,22,7,272.92
2022,22,11,267.03
2022,22,3,202.81
2022,22,6,262.74
2022,22,17,154.37
2022,22,14,254.65
2022,22,10,196.87
2022,22,16,282.11
2022,22,4,243.14
2022,22,5,241.21
2022,22,13,254.62
2022,23,2,269.22
2022,23,11,272.64
2022,23,9,197.86
2022,23,6,247.83
2022,23,12,183.34
2022,23,8,212.96
2022,23,7,236.59
2022,23,17,161.44
2022,23,5,237.67
2022,23,14,247.48
2022,23,13,253.91
2022,23,1,195.19
2022,23,10,190.88
2022,23,18,243.49
2022,23,3,198.68
2022,23,4,254.28
2022,23,15,211.2
2022,23,16,282.11
2022,24,2,236.35
2022,24,14,258.32
2022,24,11,272.96
2022,24,16,289.18
2022,24,7,295.43
2022,24,4,269.96
2022,24,6,264.04
2022,24,18,231.33
2022,25,11,272.96
2022,25,2,233.21
2022,25,4,259.44
2022,25,6,264.04
2022,26,7,295.43
2022,26,2,249.27
2022,26,16,289.18
2022,26,4,259.44
2022,27,7,285.74
2022,27,16,287.9
2023,1,14,260.85
2023,1,3,235.35
2023,1,7,270.11
2023,1,4,276.18
2023,1,12,160.23
2023,1,17,144.66
2023,1,13,216.0
2023,1,2,234.61
2023,1,11,211.31
2023,1,18,227.31
2023,1,8,210.77
2023,1,16,275.22
2023,1,9,208.62
2023,1,1,191.31
2023,1,10,186.77
2023,1,5,197.73
2023,1,15,192.85
2023,1,6,217.51
2023,2,3,229.1
2023,2,7,256.92
2023,2,2,247.09
2023,2,11,233.57
2023,2,4,265.68
2023,2,13,216.47
2023,2,1,189.58
2023,2,14,253.55
2023,2,18,200.0
2023,2,15,207.4
2023,2,6,220.4
2023,2,12,179.32
2023,2,16,263.09
2023,2,10,191.8
2023,2,5,193.38
2023,2,8,207.9
2023,2,17,153.62
2023,2,9,178.66
2023,3,18,222.19
2023,3,2,241.36
2023,3,4,259.85
2023,3,14,225.31
2023,3,10,199.66
2023,3,12,149.87
2023,3,9,196.11
2023,3,3,228.66000000000005
2023,3,15,198.4
2023,3,5,198.7
2023,3,13,240.05
2023,3,1,179.73000000000002
2023,3,8,213.45
2023,3,7,252.59
2023,3,11,226.19
2023,3,16,273.06
2023,3,6,206.7
2023,3,17,153.62
2023,4,2,234.88
2023,4,4,245.08
2023,4,12,999.0
2023,4,3,999.0
2023,4,1,999.0
2023,4,6,999.0
2023,4,14,999.0
2023,4,18,999.0
2023,4,15,999.0
2023,4,8,999.0
2023,4,16,999.0
2023,4,13,999.0
2023,4,5,999.0
2023,4,9,999.0
2023,4,17,999.0
2023,4,11,999.0
2023,4,7,999.0
2023,4,10,999.0
