Match_ID,Year,Round,H/A?,H/A Win?,Points For,Points Against,Margin,"Team Won? (1=W, 0=L)",Team_against_ID,Kicks,Handballs,Disposals,Kick to HB Ratio,Marks,Tackles,Hitouts,Frees For,Frees Against,Goals Kicked,Goal Assists1,Behinds Kicked,Rushed Behinds,Scoring Shots,Conversion %,Disposals Per Goal,Disposals Per Scoring Shot,Clearances1,Clangers1,Rebound 50s1,Inside 50s,In50s Per Scoring Shot,In50s Per Goal,% In50s Score,% In50s Goal,Height,Weight,Age,Av Games,<50 Games,50-99 Games,100-149 Games,>150 Games,Contested Poss,Uncontested Poss,Effective Disposals,Disposal Efficiency,Contested Marks,Marks Inside 50,1%ers,Bounces,Goal Assist %,Kicks (O),Handballs (O),Disposals (O),Kick to HB Ratio (O),Marks (O),Tackles(O),Hitouts(O),Frees For(O),Frees Against(O),Goals Kicked(O),Goal Assists1(O),Behinds Kicked(O),Rushed Behinds(O),Scoring Shots(O),Conversion %(O),Disposals Per Goal(O),Disposals Per Scoring Shot(O),Clearances1(O),Clangers1(O),Rebound 50s1(O),Inside 50s(O),In50s Per Scoring Shot(O),In50s Per Goal(O),% In50s Score(O),% In50s Goal(O),Height(O),Weight(O),Age(O),Av Games(O),<50 Games(O),50-99 Games(O),100-149 Games(O),>150 Games(O),Contested Poss(O),Uncontested Poss(O),Effective Disposals(O),Disposal Efficiency(O),Contested Marks(O),Marks Inside 50(O),1%ers(O),Bounces(O),Goal Assist %(O),Venue,position,form,thisSeasonRecord.winLossRecord.wins,thisSeasonRecord.winLossRecord.losses,thisSeasonRecord.winLossRecord.draws
5550,2013,1,0,1,82,117,-35,0,5,187,123,310,1.52,63,47,44,24,26,11,7,11,5,27,40.7,28.18,11.48,33,48,44,48,1.78,4.36,45.8,22.9,185.2,88.3,25.24,90,8,6,3,5,155,145,202,65.2,15,8,45,4,63.6,224,120,344,1.87,82,73,37,26,24,18,8,8,1,27,66.7,19.11,12.74,44,44,32,62,2.3,3.44,41.9,29,189.1,89.1,24.91,83.7,9,8,1,4,145,195,250,72.7,10,7,42,11,44.4,AAMI Stadium,16,L,0,1,0
5562,2013,2,1,1,96,77,19,1,2,216,115,331,1.88,97,59,29,25,26,14,7,11,1,26,53.8,23.64,12.73,45,55,42,61,2.35,4.36,41,23,185.1,87.8,25.8,81.2,9,6,3,4,148,181,233,70.4,13,13,49,8,50,182,128,310,1.42,66,65,51,26,25,10,4,14,3,27,37,31,11.48,32,48,44,54,2,5.4,44.4,18.5,186.7,87.3,24.66,79.4,8,7,5,2,140,171,217,70,6,5,53,12,40,Gabba,10,LW,1,1,0
5576,2013,3,1,0,109,118,-9,0,13,204,127,331,1.61,75,59,39,24,25,16,11,10,3,29,55.2,20.69,11.41,41,47,38,50,1.72,3.12,52,32,185.4,88.4,25.8,91.2,7,7,3,5,145,172,229,69.2,12,8,36,11,68.8,215,154,369,1.4,84,58,46,25,24,17,11,11,5,33,51.5,21.71,11.18,43,44,26,56,1.7,3.29,50,30.4,188.3,87.5,23.58,63.4,11,4,5,2,160,202,258,69.9,19,13,34,11,64.7,AAMI Stadium,11,LWL,1,2,0
5584,2013,4,0,0,80,28,52,1,18,225,158,383,1.42,69,99,50,19,15,12,8,3,5,20,60,31.92,19.15,46,45,36,52,2.6,4.33,28.8,23.1,185.7,88,24.8,69.9,10,7,2,3,183,185,232,60.6,12,8,42,2,66.7,204,149,353,1.37,49,93,56,15,19,4,4,3,1,8,50,88.25,44.12,52,59,36,40,5,10,17.5,10,187.5,87.3,24.49,76,14,1,1,6,185,155,193,54.7,11,3,47,0,100,AAMI Stadium,8,LWLW,2,2,0
5590,2013,5,1,0,83,115,-32,0,3,203,121,324,1.68,99,58,36,12,21,12,10,9,2,23,52.2,27,14.09,26,45,46,51,2.22,4.25,41.2,23.5,186.3,88.1,24.16,72.3,10,7,2,3,120,201,233,71.9,9,13,52,15,83.3,226,172,398,1.31,72,56,37,21,12,17,15,10,3,30,56.7,23.41,13.27,37,38,37,64,2.13,3.76,42.2,26.6,187.4,87.3,25.8,102.5,5,8,4,5,161,233,289,72.6,6,8,62,22,88.2,MCG,10,LWLWL,2,3,0
5598,2013,6,0,1,78,89,-11,0,10,214,136,350,1.57,114,54,35,20,23,11,5,9,3,23,47.8,31.82,15.22,30,52,35,50,2.17,4.55,40,22,186.4,88,24.49,76.8,10,5,4,3,128,220,256,73.1,14,12,41,7,45.5,207,168,375,1.23,80,50,35,23,20,13,9,10,1,24,54.2,28.85,15.62,36,47,35,52,2.17,4,44.2,25,186.1,87.8,26.49,124.5,7,2,1,12,135,237,274,73.1,8,11,44,10,69.2,AAMI Stadium,12,LWLWLL,2,4,0
5610,2013,7,1,1,187,52,135,1,9,254,181,435,1.4,148,37,26,19,7,29,20,11,2,42,69,15,10.36,38,26,34,67,1.6,2.31,59.7,43.3,186.4,87.9,24.33,78.1,10,5,3,4,132,303,353,81.1,19,32,42,11,69,189,131,320,1.44,104,35,39,7,19,7,4,8,2,17,41.2,45.71,18.82,29,46,34,42,2.47,6,35.7,16.7,186.9,85.1,21.91,36.1,17,3,1,1,103,217,242,75.6,8,7,31,7,57.1,GIANTS Stadium,9,LWLWLLW,3,4,0
5621,2013,8,0,0,87,47,40,1,15,246,131,377,1.88,147,47,35,13,13,12,11,12,3,27,44.4,31.42,13.96,27,32,30,49,1.81,4.08,49,24.5,186.4,87.9,24.41,79.1,10,5,3,4,113,263,285,75.6,14,17,35,16,91.7,205,145,350,1.41,103,41,19,13,13,6,5,11,0,17,35.3,58.33,20.59,22,40,36,41,2.41,6.83,41.5,14.6,187.7,87.3,25.33,93.6,10,5,1,6,106,240,260,74.3,4,10,37,16,83.3,AAMI Stadium,9,LWLWLLWW,4,4,0
5629,2013,9,1,1,125,124,1,1,12,203,148,351,1.37,84,45,25,13,17,18,13,12,5,35,51.4,19.5,10.03,29,43,29,53,1.51,2.94,56.6,34,186.4,87.9,24.41,80.8,9,6,3,4,137,211,252,71.8,7,14,38,14,72.2,201,141,342,1.43,100,67,46,17,13,19,13,7,3,29,65.5,18,11.79,39,37,29,51,1.76,2.68,51,37.3,187.1,87.5,25.24,98.7,6,8,4,4,132,211,252,73.7,10,16,45,8,68.4,Marvel Stadium,7,LWLWLLWWW,5,4,0
5633,2013,10,0,1,59,66,-7,0,6,224,131,355,1.71,60,78,61,26,16,8,4,9,2,19,42.1,44.38,18.68,45,50,31,52,2.74,6.5,32.7,15.4,185.7,87.2,24.49,81.4,9,6,3,4,181,162,212,59.7,5,8,48,0,50,230,121,351,1.9,74,84,38,16,26,10,5,4,2,16,62.5,35.1,21.94,45,57,41,44,2.75,4.4,31.8,22.7,187.5,87,25.16,87.5,6,8,4,4,173,160,211,60.1,6,5,47,4,50,AAMI Stadium,9,LWLWLLWWWL,5,5,0
5642,2013,11,0,1,50,127,-77,0,16,205,205,410,1,77,74,33,12,13,6,4,13,1,20,30,68.33,20.5,32,40,39,43,2.15,7.17,44.2,14,186.4,88.4,24.8,81,10,4,4,4,161,250,273,66.6,4,8,46,16,66.7,214,196,410,1.09,86,85,37,13,12,19,12,11,2,32,59.4,21.58,12.81,33,36,35,65,2.03,3.42,46.2,29.2,186.5,88.5,26.33,117.3,4,9,4,5,160,247,292,71.2,8,17,51,17,63.2,AAMI Stadium,10,LWLWLLWWWLL,5,6,0
5647,2013,12,1,0,72,110,-38,0,14,208,144,352,1.44,82,59,55,24,22,10,7,11,1,22,45.5,35.2,16,44,60,40,52,2.36,5.2,40.4,19.2,185.7,87.6,24.8,78.6,10,5,4,3,144,213,244,69.3,4,3,54,6,70,220,133,353,1.65,86,72,32,22,24,16,8,14,0,30,53.3,22.06,11.77,40,48,39,59,1.97,3.69,50.8,27.1,187.3,88.3,25,93.9,5,9,5,3,130,218,257,72.8,5,11,48,10,50,MCG,11,LWLWLLWWWLLL,5,7,0
5660,2013,14,1,1,111,83,28,1,8,244,164,408,1.49,126,45,44,12,12,16,13,11,4,31,51.6,25.5,13.16,34,37,41,57,1.84,3.56,47.4,28.1,185.8,87.9,24.49,81.9,9,5,4,4,141,263,315,77.2,16,14,48,7,81.2,185,191,376,0.97,69,46,20,12,12,11,8,14,3,28,39.3,34.18,13.43,34,35,34,59,2.11,5.36,42.4,18.6,187.3,87.4,22.91,55.2,17,1,2,2,140,232,285,75.8,15,9,51,18,72.7,Metricon Stadium,11,LWLWLLWWWLLLW,6,7,0
5671,2013,15,0,1,69,75,-6,0,17,218,132,350,1.65,88,51,37,22,17,9,6,13,2,24,37.5,38.89,14.58,40,38,33,54,2.25,6,40.7,16.7,186.4,88.5,24.24,75.5,10,5,4,3,159,191,235,67.1,10,9,49,3,66.7,220,135,355,1.63,82,69,42,18,22,11,6,6,3,20,55,32.27,17.75,38,57,39,49,2.45,4.45,34.7,22.4,188.9,88,25.41,100.8,5,8,6,3,145,208,239,67.3,7,7,58,9,54.5,AAMI Stadium,12,LWLWLLWWWLLLWL,6,8,0
5676,2013,16,1,0,84,111,-27,0,4,224,134,358,1.67,116,56,25,17,13,12,5,11,1,24,50,29.83,14.92,26,38,39,48,2,4,47.9,25,185.8,87.3,24.33,79.3,9,6,4,3,132,228,277,77.4,14,11,43,4,41.7,223,184,407,1.21,93,61,28,13,17,17,13,8,1,26,65.4,23.94,15.65,37,51,37,62,2.38,3.65,40.3,27.4,186.4,89.5,25.33,97.3,8,4,3,7,152,253,309,75.9,14,14,56,28,76.5,MCG,12,LWLWLLWWWLLLWLL,6,9,0
5692,2013,17,0,0,94,92,2,1,7,233,183,416,1.27,90,70,30,20,19,14,6,9,1,24,58.3,29.71,17.33,38,47,33,60,2.5,4.29,38.3,23.3,185.6,86.8,24.33,79,9,6,4,3,157,255,299,71.9,8,11,41,8,42.9,193,125,318,1.54,74,58,38,20,19,14,9,7,1,22,63.6,22.71,14.45,37,47,41,51,2.32,3.64,41.2,27.5,188.6,89.2,26,112,8,2,5,7,155,157,223,70.1,17,14,43,8,64.3,AAMI Stadium,11,LWLWLLWWWLLLWLLW,7,9,0
5698,2013,18,1,0,53,75,-22,0,6,210,192,402,1.09,105,63,25,18,17,7,4,11,0,18,38.9,57.43,22.33,33,44,17,45,2.5,6.43,40,15.6,186.5,87.2,24.8,71.8,10,5,5,2,136,264,292,72.6,11,7,35,2,57.1,217,174,391,1.25,110,57,39,17,18,11,9,7,2,20,55,35.55,19.55,26,40,35,33,1.65,3,54.5,33.3,188,87.9,25.8,89.7,6,7,4,5,129,266,305,78,11,14,38,8,81.8,Domain Stadium,12,LWLWLLWWWLLLWLLWL,7,10,0
5710,2013,19,0,1,103,107,-4,0,13,220,134,354,1.64,90,64,52,18,13,15,12,13,0,28,53.6,23.6,12.64,42,41,32,50,1.79,3.33,56,30,186.3,87.1,23.91,74.4,8,7,4,3,152,199,241,68.1,5,11,36,26,80,189,150,339,1.26,70,72,45,13,18,17,10,2,3,22,77.3,19.94,15.41,44,47,29,50,2.27,2.94,38,34,188.1,87.5,24.16,85.1,9,5,5,3,138,197,237,69.9,7,13,39,15,58.8,AAMI Stadium,13,LWLWLLWWWLLLWLLWLL,7,11,0
5719,2013,20,0,0,79,70,9,1,12,212,155,367,1.37,99,59,46,21,18,11,7,9,4,24,45.8,33.36,15.29,31,43,31,57,2.38,5.18,35.1,19.3,186.1,86.8,24,77.4,7,8,4,3,139,226,273,74.4,9,7,45,20,63.6,194,138,332,1.41,79,59,25,18,21,10,6,7,3,20,50,33.2,16.6,32,48,40,41,2.05,4.1,41.5,24.4,187.3,86.7,24.41,87.2,8,9,2,3,132,193,241,72.6,10,4,37,21,60,AAMI Stadium,12,LWLWLLWWWLLLWLLWLLW,8,11,0
5729,2013,21,1,0,114,131,-17,0,18,186,136,322,1.37,69,51,33,21,21,17,12,10,2,29,58.6,18.94,11.1,45,45,23,53,1.83,3.12,50.9,32.1,185.8,86.3,24.24,76.8,9,6,4,3,140,182,236,73.3,9,9,31,18,70.6,190,198,388,0.96,88,64,41,21,21,20,16,10,1,31,64.5,19.4,12.52,35,42,29,47,1.52,2.35,63.8,42.6,187.7,87.1,25.41,102.1,9,4,1,8,138,252,307,79.1,19,21,33,12,80,Marvel Stadium,13,LWLWLLWWWLLLWLLWLLWL,8,12,0
5731,2013,22,0,0,120,52,68,1,11,218,186,404,1.17,104,64,59,25,11,18,10,8,4,30,60,22.44,13.47,43,37,24,54,1.8,3,48.1,33.3,185.5,86,24.24,79.5,8,6,5,3,137,275,309,76.5,11,12,36,8,55.6,173,152,325,1.14,87,70,37,11,24,7,6,8,2,17,41.2,46.43,19.12,32,40,33,34,2,4.86,44.1,20.6,187,87.5,24.16,74.5,9,6,3,4,119,210,233,71.7,11,11,37,14,85.7,AAMI Stadium,12,LWLWLLWWWLLLWLLWLLWLW,9,12,0
5745,2013,23,1,1,129,43,86,1,17,226,176,402,1.28,83,47,35,20,23,19,11,9,6,34,55.9,21.16,11.82,43,45,26,64,1.88,3.37,43.8,29.7,185.5,86,24.33,79.8,8,6,5,3,144,242,308,76.6,12,11,30,8,57.9,176,161,337,1.09,72,57,44,23,20,5,3,9,4,18,27.8,67.4,18.72,35,46,35,35,1.94,7,40,14.3,189,88.1,25.49,106.5,6,5,6,5,132,204,235,69.7,8,4,36,16,60,Domain Stadium,11,LWLWLLWWWLLLWLLWLLWLWW,10,12,0
5761,2014,1,1,0,81,119,-38,0,7,178,192,370,0.93,70,60,31,12,16,12,8,7,2,21,57.1,30.83,17.62,34,51,42,47,2.24,3.92,40.4,25.5,185.8,87.8,24.74,72.8,10,6,3,3,133,227,272,73.5,8,10,50,9,66.7,214,150,364,1.43,91,82,42,16,12,18,11,9,2,29,62.1,20.22,12.55,38,44,31,62,2.14,3.44,43.5,29,189.4,89.6,26.33,115.4,7,2,5,8,149,218,280,76.9,13,13,41,8,61.1,GMHBA Stadium,13,L,0,1,0
5769,2014,2,1,0,73,127,-54,0,13,207,155,362,1.34,94,67,38,24,17,11,8,5,2,18,61.1,32.91,20.11,35,45,30,56,3.11,5.09,28.6,19.6,185.8,87.9,25.24,87.3,8,6,4,4,128,226,266,73.5,7,11,50,17,72.7,230,139,369,1.65,90,70,32,17,24,19,11,11,2,32,59.4,19.42,11.53,32,46,41,52,1.62,2.74,57.7,36.5,188.2,87.7,24.66,91.3,9,4,6,3,154,215,265,71.8,8,14,60,29,57.9,Adelaide Oval,16,LL,0,2,0
5777,2014,3,0,1,71,134,-63,0,16,212,162,374,1.31,96,61,41,13,15,9,3,14,3,26,34.6,41.56,14.38,42,36,23,53,2.04,5.89,43.4,17,185.1,87.3,24.91,84.4,8,7,3,4,135,240,274,73.3,12,10,50,7,33.3,192,155,347,1.24,77,63,45,15,13,21,19,5,3,29,72.4,16.52,11.97,38,33,37,45,1.55,2.14,57.8,46.7,186.7,88.1,26.66,113,6,3,6,7,133,212,262,75.5,10,13,49,15,90.5,Adelaide Oval,17,LLL,0,3,0
5791,2014,4,1,1,136,50,86,1,15,242,179,421,1.35,127,67,43,9,9,20,18,10,6,36,55.6,21.05,11.69,37,34,40,53,1.47,2.65,56.6,37.7,185,87.3,25.8,85.9,8,7,3,4,126,290,326,77.4,12,17,38,19,90,185,152,337,1.22,79,57,30,9,9,7,5,7,1,15,46.7,48.14,22.47,37,40,30,48,3.2,6.86,29.2,14.6,186.7,85.5,25,86.1,11,4,2,5,126,204,226,67.1,4,8,49,12,71.4,Marvel Stadium,15,LLLW,1,3,0
5798,2014,5,0,0,137,72,65,1,9,244,185,429,1.32,134,41,27,19,8,21,13,10,1,32,65.6,20.43,13.41,40,24,36,54,1.69,2.57,57.4,38.9,185.6,87.1,24.66,78.1,8,8,3,3,129,293,339,79,13,15,42,19,61.9,176,154,330,1.14,80,49,34,8,19,10,8,8,4,22,45.5,33,15,31,39,31,47,2.14,4.7,38.3,21.3,186.8,84.9,21.66,40.6,19,1,1,1,117,211,231,70,6,12,37,12,80,Adelaide Oval,12,LLLWW,2,3,0
5808,2014,6,1,1,92,83,9,1,18,194,155,349,1.25,85,69,27,15,19,13,11,11,3,27,48.1,26.85,12.93,32,42,31,49,1.81,3.77,49,26.5,185.7,87.2,24.41,73.1,9,8,2,3,141,206,257,73.6,16,11,50,12,84.6,194,181,375,1.07,79,61,41,19,15,12,7,10,1,23,52.2,31.25,16.3,36,37,29,47,2.04,3.92,46.8,25.5,187.8,87.5,24.8,90.9,9,5,2,6,147,224,267,71.2,11,14,45,15,58.3,Marvel Stadium,10,LLLWWW,3,3,0
5814,2014,7,0,1,67,70,-3,0,11,196,144,340,1.36,73,72,45,21,15,9,4,11,2,22,40.9,37.78,15.45,37,47,27,64,2.91,7.11,31.2,14.1,185.7,87.2,24.41,74.1,9,8,2,3,147,191,228,67.1,12,4,64,24,44.4,202,175,377,1.15,72,67,53,15,21,11,4,3,1,15,73.3,34.27,25.13,40,58,50,41,2.73,3.73,34.1,26.8,186.9,86.8,25,73.6,10,5,5,2,155,219,270,71.6,8,7,70,16,36.4,Adelaide Oval,11,LLLWWWL,3,4,0
5826,2014,9,0,0,76,55,21,1,4,231,158,389,1.46,92,93,38,15,9,10,7,13,3,26,38.5,38.9,14.96,50,34,39,60,2.31,6,38.3,16.7,185.6,87.5,24.66,80.1,8,8,3,3,143,236,277,71.2,10,9,54,10,70,184,160,344,1.15,71,71,52,9,15,7,4,10,3,20,35,49.14,17.2,33,48,41,50,2.5,7.14,34,14,189.2,90.6,25.33,99.1,8,4,4,6,146,198,228,66.3,11,8,63,16,57.1,Adelaide Oval,10,LLLWWWLW,4,4,0
5837,2014,10,1,0,76,81,-5,0,3,195,173,368,1.13,73,59,41,14,18,10,3,15,1,26,38.5,36.8,14.15,37,45,33,54,2.08,5.4,46.3,18.5,185.8,87.7,24.8,81.5,8,8,3,3,141,231,260,70.7,6,9,51,6,30,225,149,374,1.51,94,60,36,18,14,12,9,9,0,21,57.1,31.17,17.81,33,45,37,50,2.38,4.17,42,24,187.9,87.3,25.66,96,7,5,4,6,133,239,269,71.9,8,15,67,17,75,MCG,10,LLLWWWLWL,4,5,0
5843,2014,11,0,0,109,77,32,1,8,235,138,373,1.7,82,65,41,19,14,16,13,11,2,29,55.2,23.31,12.86,46,40,48,57,1.97,3.56,47.4,28.1,185.7,87.6,25,85.1,7,9,3,3,173,200,259,69.4,13,11,62,8,81.2,193,159,352,1.21,61,77,44,14,19,11,8,7,4,22,50,32,16,39,51,32,60,2.73,5.45,30,18.3,187.5,85,23,64.5,11,8,1,2,154,194,240,68.2,9,5,66,9,72.7,Adelaide Oval,9,LLLWWWLWLW,5,5,0
5853,2014,12,1,0,50,90,-40,0,6,159,138,297,1.15,62,53,20,11,12,7,4,6,2,15,46.7,42.43,19.8,29,47,28,51,3.4,7.29,25.5,13.7,186.1,88,24.8,83,8,8,3,3,127,163,193,65,10,5,49,12,57.1,230,213,443,1.08,115,59,44,12,11,12,10,16,2,30,40,36.92,14.77,29,38,42,50,1.67,4.17,56,24,188.1,88.3,26.8,123.8,4,6,5,7,145,296,328,74,18,20,44,16,83.3,Domain Stadium,10,LLLWWWLWLWL,5,6,0
5861,2014,13,0,0,109,73,36,1,12,217,146,363,1.49,101,50,36,17,20,16,11,8,5,29,55.2,22.69,12.52,38,52,36,59,2.03,3.69,40.7,27.1,185.5,88.1,25.33,95.5,6,9,3,4,145,208,264,72.7,20,9,50,13,68.8,193,178,371,1.08,77,56,46,20,17,10,5,10,3,23,43.5,37.1,16.13,37,39,41,50,2.17,5,40,20,186.6,87,26.16,117,5,8,4,5,130,241,274,73.9,9,10,54,19,50,Adelaide Oval,10,LLLWWWLWLWLW,6,6,0
5870,2014,14,1,0,92,101,-9,0,5,210,167,377,1.26,94,54,41,14,11,14,9,8,0,22,63.6,26.93,17.14,39,38,41,51,2.32,3.64,43.1,27.5,185.7,88.2,25.49,96.9,6,9,3,4,147,227,282,74.8,10,17,43,19,64.3,225,151,376,1.49,107,58,33,11,14,15,6,4,7,26,57.7,25.07,14.46,35,37,33,57,2.19,3.8,33.3,26.3,189,88,25.33,99.4,6,8,4,4,139,237,277,73.7,11,13,47,15,40,Marvel Stadium,11,LLLWWWLWLWLWL,6,7,0
5881,2014,15,0,0,99,76,23,1,13,220,145,365,1.52,68,66,43,24,11,14,10,10,5,29,48.3,26.07,12.59,44,44,38,59,2.03,4.21,40.7,23.7,186.1,88.5,25.49,88.5,7,9,3,3,163,201,240,65.8,8,6,51,8,71.4,192,147,339,1.31,74,91,49,11,24,10,7,11,5,26,38.5,33.9,13.04,44,48,37,56,2.15,5.6,37.5,17.9,186.8,86.5,24.49,91.6,8,5,6,3,133,202,239,70.5,9,10,63,20,70,Adelaide Oval,9,LLLWWWLWLWLWLW,7,7,0
5885,2014,16,1,1,140,72,68,1,9,212,172,384,1.23,104,47,34,12,25,20,12,15,5,40,50,19.2,9.6,32,50,28,66,1.65,3.3,53,30.3,186.1,88.6,25.41,92.4,6,10,3,3,140,248,284,74,12,16,47,6,60,182,153,335,1.19,75,56,38,25,12,9,3,16,2,27,33.3,37.22,12.41,39,44,40,46,1.7,5.11,54.3,19.6,186.9,84.1,21.91,47.7,15,5,2,0,127,203,241,71.9,5,11,50,10,33.3,GIANTS Stadium,9,LLLWWWLWLWLWLWW,8,7,0
5892,2014,17,0,1,92,104,-12,0,10,190,221,411,0.86,58,72,50,14,13,14,10,7,1,22,63.6,29.36,18.68,41,44,40,52,2.36,3.71,40.4,26.9,185.9,88.9,25.58,93.9,6,10,3,3,174,236,304,74,15,10,49,2,71.4,215,182,397,1.18,82,83,46,13,14,15,10,10,4,29,51.7,26.47,13.69,48,33,35,62,2.14,4.13,40.3,24.2,187.8,87.5,25.8,100.9,7,9,0,6,144,247,303,76.3,12,13,56,6,66.7,Adelaide Oval,10,LLLWWWLWLWLWLWWL,8,8,0
5909,2014,18,1,1,98,82,16,1,4,190,162,352,1.17,72,57,50,20,18,14,11,12,2,28,50,25.14,12.57,35,44,32,47,1.68,3.36,55.3,29.8,186.2,88,24.66,73.3,8,9,3,2,141,209,249,70.7,10,12,46,20,78.6,195,145,340,1.34,70,66,33,18,19,12,9,8,2,22,54.5,28.33,15.45,41,57,29,48,2.18,4,41.7,25,187.7,89.2,24,77.4,10,5,4,3,144,193,234,68.8,8,10,44,12,75,MCG,8,LLLWWWLWLWLWLWWLW,9,8,0
5912,2014,19,0,1,105,136,-31,0,17,187,187,374,1,64,67,45,13,17,16,9,8,1,25,64,23.38,14.96,41,44,31,53,2.12,3.31,45.3,30.2,185.9,87.9,25,84.5,7,8,4,3,153,218,263,70.3,8,9,49,10,56.2,201,176,377,1.14,76,73,44,17,13,20,12,14,2,36,55.6,18.85,10.47,41,40,33,58,1.61,2.9,58.6,34.5,188.2,87.5,24.8,88.2,5,6,10,1,147,229,281,74.5,13,16,62,12,60,Adelaide Oval,10,LLLWWWLWLWLWLWWLWL,9,9,0
5925,2014,20,1,1,168,63,105,1,2,229,149,378,1.54,98,61,49,20,12,25,15,15,3,43,58.1,15.12,8.79,47,36,40,63,1.47,2.52,63.5,39.7,186,87,24.16,70.2,9,8,3,2,153,231,290,76.7,11,18,56,5,60,167,190,357,0.88,92,46,34,12,20,9,5,8,1,18,50,39.67,19.83,30,43,29,52,2.89,5.78,32.7,17.3,188.6,86.7,23.16,62,11,7,0,4,122,234,260,72.8,12,7,56,6,55.6,Gabba,7,LLLWWWLWLWLWLWWLWLW,10,9,0
5933,2014,21,0,1,69,79,-10,0,14,200,102,302,1.96,41,82,53,28,17,9,6,10,5,24,37.5,33.56,12.58,49,56,41,51,2.12,5.67,37.3,17.6,186.1,87.4,24.49,71.5,9,7,4,2,174,122,169,56,5,4,64,0,66.7,226,140,366,1.61,52,84,34,17,28,10,4,17,2,29,34.5,36.6,12.62,43,62,39,62,2.14,6.2,43.5,16.1,187.9,87.4,25,99.6,7,3,7,5,160,183,249,68,6,7,64,5,40,Adelaide Oval,8,LLLWWWLWLWLWLWWLWLWL,10,10,0
5938,2014,22,1,0,94,101,-7,0,12,186,113,299,1.65,77,63,43,15,10,13,10,13,3,29,44.8,23,10.31,38,36,34,57,1.97,4.38,45.6,22.8,186,88,25.8,89,8,7,3,4,136,154,208,69.6,21,13,58,10,76.9,218,150,368,1.45,83,49,39,10,15,14,8,16,1,31,45.2,26.29,11.87,36,42,38,55,1.77,3.93,54.5,25.5,187.5,86.6,25.24,103,6,7,4,5,147,222,272,73.9,17,13,46,12,57.1,Blundstone Arena,11,LLLWWWLWLWLWLWWLWLWLL,10,11,0
5953,2014,23,0,0,141,62,79,1,15,228,165,393,1.38,107,40,50,22,13,22,14,6,3,31,71,17.86,12.68,39,39,38,56,1.81,2.55,50,39.3,186,88.5,25.49,99.9,7,5,5,5,140,247,304,77.4,8,16,36,18,63.6,194,149,343,1.3,104,63,30,13,22,9,7,6,2,17,52.9,38.11,20.18,30,46,31,48,2.82,5.33,31.2,18.8,188,86.7,26,110.8,9,3,3,7,110,228,258,75.2,11,10,33,15,77.8,Adelaide Oval,10,LLLWWWLWLWLWLWWLWLWLLW,11,11,0
5970,2015,1,0,0,140,63,77,1,12,241,125,366,1.93,114,57,32,16,17,21,16,9,5,35,60,17.43,10.46,40,50,35,63,1.8,3,47.6,33.3,186.1,86.5,24.91,78,9,6,4,3,142,224,272,74.3,13,22,43,19,76.2,172,144,316,1.19,72,50,41,17,16,9,6,6,3,18,50,35.11,17.56,27,48,33,47,2.61,5.22,31.9,19.1,186.9,86.3,26.91,135.5,4,4,6,8,115,190,224,70.9,9,6,30,14,66.7,Adelaide Oval,1,W,1,0,0
5976,2015,2,1,1,90,63,27,1,4,258,168,426,1.54,126,68,38,18,17,12,11,13,5,30,40,35.5,14.2,45,45,32,58,1.93,4.83,43.1,20.7,186,86.5,24.91,78.5,8,7,4,3,147,272,303,71.1,7,17,41,4,91.7,189,163,352,1.16,61,64,40,17,18,9,6,8,1,18,50,39.11,19.56,29,54,43,44,2.44,4.89,38.6,20.5,187.7,87.8,24.24,78.3,11,4,4,3,155,190,243,69,11,12,55,7,66.7,Marvel Stadium,1,WW,2,0,0
5984,2015,3,0,0,80,55,25,1,11,208,117,325,1.78,59,108,66,21,15,12,8,6,2,20,60,27.08,16.25,54,48,28,54,2.7,4.5,33.3,22.2,186.2,86.4,25.8,88.9,7,7,4,4,155,158,205,63.1,8,5,54,4,66.7,186,143,329,1.3,48,84,60,15,21,7,4,11,2,20,35,47,16.45,50,51,36,42,2.1,6,42.9,16.7,187.4,87.8,24.66,83.4,9,4,4,5,164,159,196,59.6,8,5,41,1,57.1,Adelaide Oval,1,WWW,3,0,0
5999,2015,4,1,0,68,125,-57,0,18,222,143,365,1.55,103,52,48,12,12,10,5,8,0,18,55.6,36.5,20.28,43,50,43,51,2.83,5.1,35.3,19.6,186.3,86.9,25.16,90.5,6,8,4,4,142,211,246,67.4,11,10,48,9,50,225,176,401,1.28,105,71,29,12,12,18,11,14,3,35,51.4,22.28,11.46,34,31,38,63,1.8,3.5,50.8,28.6,187.9,86.5,23.91,61.8,13,6,1,2,143,258,311,77.6,14,10,49,12,61.1,Marvel Stadium,5,WWWL,3,1,0
6008,2015,5,0,1,91,115,-24,0,13,200,142,342,1.41,66,70,39,16,19,13,9,12,1,26,50,26.31,13.15,47,51,24,71,2.73,5.46,35.2,18.3,185.9,86.2,25.24,92.2,6,8,4,4,140,207,245,71.6,2,10,37,8,69.2,221,173,394,1.28,102,62,63,19,16,18,12,7,0,25,72,21.89,15.76,34,43,51,42,1.68,2.33,59.5,42.9,187.9,85.7,26,113.6,4,6,4,8,138,249,293,74.4,13,12,44,6,66.7,Adelaide Oval,7,WWWLL,3,2,0
6013,2015,6,1,1,119,78,41,1,8,246,136,382,1.81,146,62,30,16,20,18,15,9,2,29,62.1,21.22,13.17,30,48,24,60,2.07,3.33,45,30,185.2,84.3,24.41,82.2,9,6,4,3,123,261,291,76.2,15,21,40,8,83.3,188,157,345,1.2,92,61,29,20,16,11,4,7,5,23,47.8,31.36,15,30,51,39,40,1.74,3.64,45,27.5,187.6,85.5,23.8,50,12,7,1,2,128,215,254,73.6,13,10,33,16,36.4,Metricon Stadium,5,WWWLLW,4,2,0
6019,2015,7,0,0,119,73,46,1,15,225,193,418,1.17,108,61,46,16,20,18,11,9,2,29,62.1,23.22,14.41,42,59,41,52,1.79,2.89,51.9,34.6,185.5,84.8,24.49,81.5,9,7,3,3,145,272,296,70.8,10,14,27,7,61.1,198,158,356,1.25,100,62,35,20,16,10,5,13,0,23,43.5,35.6,15.48,29,50,31,56,2.43,5.6,41.1,17.9,187,84.9,24.24,74.1,11,6,1,4,118,236,257,72.2,13,15,49,14,50,Adelaide Oval,4,WWWLLWW,5,2,0
6029,2015,8,1,0,84,108,-24,0,9,184,153,337,1.2,82,41,31,15,11,12,9,8,4,24,50,28.08,14.04,41,40,32,41,1.71,3.42,48.8,29.3,186.3,86,24.24,76.1,11,5,3,3,126,208,247,73.3,11,11,23,4,75,197,196,393,1.01,98,68,53,12,15,16,11,10,2,28,57.1,24.56,14.04,34,41,27,50,1.79,3.12,52,32,186.8,84.8,23.49,75.3,7,10,2,3,111,274,313,79.6,8,17,42,19,68.8,GIANTS Stadium,6,WWWLLWWL,5,3,0
6041,2015,9,0,1,57,68,-11,0,6,238,128,366,1.86,67,88,27,20,13,7,3,13,2,22,31.8,52.29,16.64,48,47,42,55,2.5,7.86,36.4,12.7,185.9,85.9,24.49,77.5,11,5,3,3,188,172,214,58.5,12,9,64,3,42.9,204,137,341,1.49,64,72,86,13,20,10,7,5,3,18,55.6,34.1,18.94,52,45,43,56,3.11,5.6,26.8,17.9,187.6,87.8,26.91,130.8,2,7,6,7,151,181,231,67.7,10,5,40,1,70,Adelaide Oval,7,WWWLLWWLL,5,4,0
6046,2015,10,1,1,99,90,9,1,3,195,127,322,1.54,82,67,44,13,15,14,9,13,2,29,48.3,23,11.1,42,47,40,56,1.93,4,48.2,25,186.3,86.3,24.66,84.6,9,6,4,3,137,184,228,70.8,16,15,42,4,64.3,220,190,410,1.16,102,51,31,15,13,14,11,4,2,20,70,29.29,20.5,37,49,38,55,2.75,3.93,32.7,25.5,188.4,88.3,25.91,94.2,9,4,4,5,140,269,301,73.4,17,14,40,12,78.6,MCG,7,WWWLLWWLLW,6,4,0
6060,2015,12,0,1,85,114,-29,0,10,208,157,365,1.32,83,56,46,13,14,12,10,9,4,25,48,30.42,14.6,45,51,38,48,1.92,4,43.8,25,186.2,86.2,25,92,7,7,4,4,153,201,246,67.4,10,10,52,2,83.3,212,139,351,1.53,80,75,54,14,13,17,12,8,4,29,58.6,20.65,12.1,43,41,29,62,2.14,3.65,40.3,27.4,187.2,87.7,27.16,141.1,2,7,5,8,143,205,252,71.8,7,10,53,9,70.6,Adelaide Oval,7,WWWLLWWLLWL,6,5,0
6069,2015,13,1,1,82,69,13,1,2,200,138,338,1.45,70,70,49,18,14,11,10,13,3,27,40.7,30.73,12.52,41,37,37,60,2.22,5.45,40,18.3,186.2,86.2,25,93,7,7,4,4,158,175,220,65.1,13,13,40,8,90.9,200,159,359,1.26,88,60,55,14,18,10,5,8,1,19,52.6,35.9,18.89,44,43,41,50,2.63,5,36,20,187.2,85.7,23.49,67.7,9,7,5,1,139,222,257,71.6,11,10,41,7,50,Gabba,7,WWWLLWWLLWLW,7,5,0
6086,2015,15,1,0,91,147,-56,0,17,194,137,331,1.42,83,57,38,7,17,14,12,6,1,21,66.7,23.64,15.76,35,46,40,37,1.76,2.64,54.1,37.8,186.3,85.9,24.8,89.6,7,8,3,4,132,195,234,70.7,15,12,45,4,85.7,244,209,453,1.17,114,51,57,17,7,22,17,13,2,37,59.5,20.59,12.24,51,31,19,73,1.97,3.32,47.9,30.1,188,87.8,25.49,102.6,4,5,9,4,153,297,336,74.2,12,16,51,4,77.3,Domain Stadium,9,WWWLLWWLLWLWL,7,6,0
6097,2015,16,1,1,116,113,3,1,13,199,136,335,1.46,71,60,57,18,19,18,14,7,1,26,69.2,18.61,12.88,51,61,34,50,1.92,2.78,50,36,186,85.2,24.66,82.8,8,8,3,3,145,190,230,68.7,8,13,37,10,77.8,194,141,335,1.38,92,77,43,19,18,17,12,9,2,28,60.7,19.71,11.96,39,47,28,52,1.86,3.06,50,32.7,188.3,86,24.8,96.8,5,7,4,6,117,212,248,74,13,12,36,12,70.6,Adelaide Oval,8,WWWLLWWLLWLWLW,8,6,0
6101,2015,17,0,0,125,80,45,1,8,218,168,386,1.3,87,50,45,23,27,19,16,8,3,30,63.3,20.32,12.87,43,64,27,65,2.17,3.42,41.5,29.2,186,85,24.91,84.9,8,7,4,3,167,216,269,69.7,18,14,24,2,84.2,207,124,331,1.67,88,67,31,27,23,12,10,8,0,20,60,27.58,16.55,35,59,41,45,2.25,3.75,44.4,26.7,188.5,86.8,23.74,74.5,7,12,0,3,131,194,223,67.4,10,14,41,7,83.3,Adelaide Oval,7,WWWLLWWLLWLWLWW,9,6,0
6111,2015,18,1,0,65,117,-52,0,16,175,159,334,1.1,76,38,36,13,17,9,5,8,3,20,45,37.11,16.7,30,50,33,46,2.3,5.11,37,19.6,186,85.3,24.66,89.2,6,8,5,3,127,208,234,70.1,8,11,20,12,55.6,228,232,460,0.98,122,56,31,17,13,17,13,14,1,32,53.1,27.06,14.38,40,36,36,55,1.72,3.24,56.4,30.9,186.2,87,25.91,119.1,6,4,4,8,117,344,363,78.9,5,19,42,6,76.5,SCG,9,WWWLLWWLLWLWLWWL,9,7,0
6117,2015,19,0,0,88,52,36,1,14,222,146,368,1.52,88,76,41,21,18,11,8,15,7,33,33.3,33.45,11.15,49,47,29,74,2.24,6.73,35.1,14.9,186.5,85.5,24.49,87.3,7,7,5,3,151,217,255,69.3,10,15,46,2,72.7,186,122,308,1.52,79,56,42,18,21,8,5,3,1,12,66.7,38.5,25.67,28,58,53,39,3.25,4.88,28.2,20.5,188.4,87.7,25.16,98,5,8,6,3,119,184,218,70.8,11,8,53,2,62.5,Adelaide Oval,9,WWWLLWWLLWLWLWWLW,10,7,0
6127,2015,20,1,1,171,59,112,1,5,233,153,386,1.52,115,49,49,19,20,27,20,6,3,36,75,14.3,10.72,38,48,39,67,1.86,2.48,49.3,40.3,186.5,85.5,24.58,88.3,7,7,5,3,140,249,301,78,14,16,52,9,74.1,215,169,384,1.27,104,57,31,20,19,8,4,7,4,19,42.1,48,20.21,43,52,36,50,2.63,6.25,30,16,188.7,85.5,24.8,87.5,7,6,7,2,130,257,288,75,6,12,40,6,50,Marvel Stadium,8,WWWLLWWLLWLWLWWLWW,11,7,0
6140,2015,21,0,0,131,44,87,1,2,229,150,379,1.53,109,52,56,16,18,20,16,8,3,31,64.5,18.95,12.23,40,49,31,54,1.74,2.7,51.9,37,186.5,85.7,24.8,91,7,7,3,5,122,255,281,74.1,7,19,44,6,80,186,190,376,0.98,102,55,32,18,16,6,5,7,1,14,42.9,62.67,26.86,32,55,27,38,2.71,6.33,34.2,15.8,187.8,86.9,24.8,71.8,9,6,5,2,107,271,275,73.1,10,11,42,4,83.3,Adelaide Oval,8,WWWLLWWLLWLWLWWLWWW,12,7,0
6150,2015,22,0,0,126,69,57,1,17,228,155,383,1.47,108,41,37,17,19,19,15,9,3,31,61.3,20.16,12.35,31,45,42,60,1.94,3.16,46.7,31.7,186.5,85.5,24.66,91.4,7,7,3,5,141,237,282,73.6,13,19,58,3,78.9,177,128,305,1.38,75,46,37,19,17,10,9,8,1,19,52.6,30.5,16.05,36,50,33,54,2.84,5.4,33.3,18.5,187.6,86.9,25.8,92.9,6,5,6,5,139,166,202,66.2,18,13,52,1,90,Adelaide Oval,7,WWWLLWWLLWLWLWWLWWWW,13,7,0
6156,2015,23,1,0,80,119,-39,0,7,185,151,336,1.23,83,52,57,13,14,11,6,8,6,25,44,30.55,13.44,29,57,36,45,1.8,4.09,42.2,24.4,186.5,85.5,24.66,92.4,7,7,3,5,124,206,232,69,10,12,50,6,54.5,227,194,421,1.17,121,70,23,14,13,17,11,16,1,34,50,24.76,12.38,40,43,30,55,1.62,3.24,60,30.9,188.7,88.2,26.16,122.2,9,3,0,10,148,281,319,75.8,20,23,42,7,64.7,GMHBA Stadium,7,WWWLLWWLLWLWLWWLWWWWL,13,8,0
6165,2015,25,1,1,109,102,7,1,18,197,146,343,1.35,68,53,42,20,15,16,12,9,4,29,55.2,21.44,11.83,26,41,40,55,1.9,3.44,45.5,29.1,186,85.6,25.16,100,5,8,4,5,141,194,250,72.9,15,11,54,10,75,210,178,388,1.18,85,71,35,15,20,14,8,14,4,32,43.8,27.71,12.12,46,47,37,65,2.03,4.64,43.1,21.5,187.2,85.5,25,85.2,9,8,0,5,144,239,287,74,12,11,63,5,57.1,MCG,7,WWWLLWWLLWLWLWWLWWWWL,13,8,0
6167,2015,26,1,0,61,135,-74,0,10,172,166,338,1.04,69,56,47,26,14,8,5,9,4,21,38.1,42.25,16.1,44,54,33,44,2.1,5.5,38.6,18.2,186,85.8,25.24,102.2,5,8,4,5,136,211,236,69.8,8,10,45,3,62.5,236,172,408,1.37,131,64,26,14,26,21,13,7,2,30,70,19.43,13.6,32,53,34,60,2,2.86,46.7,35,187,88.3,27.66,161.4,1,3,7,11,124,287,321,78.7,11,18,46,7,61.9,MCG,7,WWWLLWWLLWLWLWWLWWWWL,13,8,0
6175,2016,1,1,0,97,107,-10,0,12,203,139,342,1.46,75,63,44,22,18,14,10,12,1,27,51.9,24.43,12.67,45,47,39,57,2.11,4.07,45.6,24.6,186.9,85.6,25.8,92.1,6,8,4,4,150,201,243,71.1,8,8,57,7,71.4,214,147,361,1.46,91,82,47,18,22,16,8,8,3,27,59.3,22.56,13.37,42,43,38,56,2.07,3.5,42.9,28.6,187.5,87.6,27.8,150.6,4,3,4,11,160,203,268,74.2,17,11,57,11,50,Marvel Stadium,11,L,0,1,0
6182,2016,2,0,0,144,86,58,1,13,234,178,412,1.31,109,64,49,22,15,22,15,9,3,34,64.7,18.73,12.12,45,52,49,55,1.62,2.5,56.4,40,187.4,86.2,24.8,85.2,7,7,5,3,165,247,298,72.3,14,17,55,10,68.2,175,149,324,1.17,44,70,54,15,22,11,7,19,1,31,35.5,29.45,10.45,43,62,26,70,2.26,6.36,42.9,15.7,188.1,87,24.49,83.1,8,7,3,4,161,164,211,65.1,13,6,68,9,63.6,Adelaide Oval,5,LW,1,1,0
6192,2016,3,1,1,128,92,36,1,14,192,176,368,1.09,88,53,38,16,20,19,15,11,3,33,57.6,19.37,11.15,39,43,34,57,1.73,3,52.6,33.3,186.9,85.5,24.74,84.2,8,5,6,3,130,241,285,77.4,5,4,48,5,78.9,217,193,410,1.12,123,56,42,20,16,13,7,12,2,27,48.1,31.54,15.19,32,45,36,53,1.96,4.08,47.2,24.5,187.1,84.7,24.41,82.3,10,3,5,4,134,280,326,79.5,19,15,30,6,53.8,Marvel Stadium,6,LWW,2,1,0
6204,2016,4,0,0,113,103,10,1,16,211,161,372,1.31,69,80,47,23,21,16,8,11,6,33,48.5,23.25,11.27,42,47,36,61,1.85,3.81,44.3,26.2,187.3,86,24.91,87.5,7,6,6,3,167,206,256,68.8,9,10,38,6,50,186,186,372,1,61,86,44,21,23,15,9,9,4,28,53.6,24.8,13.29,39,50,38,57,2.04,3.8,42.1,26.3,186,85.9,25.66,107,8,3,3,8,164,204,261,70.2,9,8,48,2,60,Adelaide Oval,7,LWWW,3,1,0
6208,2016,5,1,0,109,112,-3,0,10,190,215,405,0.88,71,77,43,19,23,17,13,6,1,24,70.8,23.82,16.88,38,52,37,48,2,2.82,47.9,35.4,187.3,86,25.8,89.6,7,6,6,3,160,250,297,73.3,12,12,44,5,76.5,187,166,353,1.13,63,97,45,23,19,17,8,8,2,27,63,20.76,13.07,47,41,27,60,2.22,3.53,41.7,28.3,186.6,85.5,26.8,134,5,2,7,8,142,214,262,74.2,12,9,58,7,47.1,MCG,9,LWWWL,3,2,0
6219,2016,6,0,0,97,64,33,1,6,222,208,430,1.07,111,61,38,14,16,14,9,13,0,27,51.9,30.71,15.93,30,53,38,52,1.93,3.71,51.9,26.9,187.3,86,25.16,90.6,7,6,5,4,152,287,314,73,16,11,42,7,64.3,200,176,376,1.14,83,73,34,16,14,8,5,15,1,24,33.3,47,15.67,35,49,33,52,2.17,6.5,44.2,15.4,187.3,85.5,25.58,98,8,6,2,6,145,225,271,72.1,12,14,55,5,62.5,Adelaide Oval,7,LWWWLW,4,2,0
6231,2016,7,1,0,108,123,-15,0,18,187,155,342,1.21,78,56,30,12,28,17,15,5,1,23,73.9,20.12,14.87,25,59,49,37,1.61,2.18,59.5,45.9,187.8,86.8,25.33,91.9,7,6,5,4,142,199,251,73.4,14,13,35,2,88.2,198,224,422,0.88,85,59,38,28,12,18,15,14,1,33,54.5,23.44,12.79,40,45,17,68,2.06,3.78,47.1,26.5,187,85.6,24.74,77.4,10,7,1,4,163,262,321,76.1,19,18,44,1,83.3,Marvel Stadium,8,LWWWLWL,4,3,0
6235,2016,8,0,1,72,98,-26,0,7,220,106,326,2.08,93,80,43,26,14,11,6,5,1,17,64.7,29.64,19.18,40,58,40,44,2.59,4,36.4,25,187.9,86.7,24.91,86.2,8,6,5,3,156,166,216,66.3,15,8,47,3,54.5,213,169,382,1.26,97,81,48,14,26,13,9,17,3,33,39.4,29.38,11.58,42,57,32,61,1.85,4.69,49.2,21.3,190.2,89.6,26.24,119.6,6,6,2,8,164,225,264,69.1,15,14,61,8,69.2,Adelaide Oval,8,LWWWLWLL,4,4,0
6246,2016,9,1,1,149,74,75,1,8,224,171,395,1.31,117,65,36,18,15,22,20,10,7,39,56.4,17.95,10.13,40,37,21,71,1.82,3.23,45.1,31,188,86.7,25.41,95.4,7,6,5,4,127,267,310,78.5,11,19,28,9,90.9,189,179,368,1.06,91,60,42,15,18,11,9,7,1,19,57.9,33.45,19.37,31,54,47,35,1.84,3.18,51.4,31.4,188.2,85.8,24.8,65.5,12,7,0,3,136,234,270,73.4,13,15,35,3,81.8,Metricon Stadium,8,LWWWLWLLW,5,4,0
6258,2016,10,0,0,107,85,22,1,9,241,129,370,1.87,102,56,31,23,19,15,11,15,2,32,46.9,24.67,11.56,38,48,35,62,1.94,4.13,48.4,24.2,188,86.7,25.41,96.4,7,6,5,4,155,209,264,71.4,13,18,44,10,73.3,216,173,389,1.25,97,44,37,19,23,13,8,5,2,20,65,29.92,19.45,27,50,43,52,2.6,4,34.6,25,187.7,86.8,24.49,89.4,8,7,3,4,145,245,286,73.5,12,11,49,7,61.5,Adelaide Oval,8,LWWWLWLLWW,6,4,0
6270,2016,11,0,0,133,45,88,1,15,281,193,474,1.46,168,36,30,21,9,19,16,18,1,38,50,24.95,12.47,33,36,23,69,1.82,3.63,53.6,27.5,187.6,86,24.58,79,8,7,5,2,146,326,375,79.1,23,28,41,5,84.2,156,142,298,1.1,70,45,26,9,19,6,4,8,1,15,40,49.67,19.87,22,52,41,30,2,5,46.7,20,187.8,85.5,24.91,93.2,9,5,4,4,108,184,217,72.8,12,8,39,9,66.7,Adelaide Oval,8,LWWWLWLLWWW,7,4,0
6275,2016,12,1,1,105,76,29,1,17,233,150,383,1.55,107,89,40,19,16,15,12,14,1,30,50,25.53,12.77,40,38,19,65,2.17,4.33,44.6,23.1,187.3,86,25.24,96,7,6,5,4,168,227,279,72.8,19,14,55,4,80,183,142,325,1.29,59,64,58,16,19,11,7,5,5,21,52.4,29.55,15.48,40,47,40,35,1.67,3.18,45.7,31.4,188.3,88.8,25.74,114.1,5,3,8,6,164,169,216,66.5,19,8,58,14,63.6,Domain Stadium,7,LWWWLWLLWWWW,8,4,0
6286,2016,14,0,0,100,67,33,1,12,219,168,387,1.3,80,85,40,18,15,12,8,23,5,40,30,32.25,9.68,48,50,33,59,1.48,4.92,59.3,20.3,187,86,25.16,95.6,8,5,5,4,177,211,257,66.4,13,12,63,8,66.7,197,130,327,1.52,64,82,54,15,18,10,8,6,1,17,58.8,32.7,19.24,38,62,38,51,3,5.1,31.4,19.6,187.1,86.3,27.33,144.8,5,4,4,9,156,155,206,63,11,7,38,1,80,Adelaide Oval,6,LWWWLWLLWWWWW,9,4,0
6297,2016,15,1,1,120,98,22,1,11,216,154,370,1.4,83,101,42,13,17,18,15,8,4,30,60,20.56,12.33,39,55,30,53,1.77,2.94,49.1,34,187,86,25.24,96.6,8,5,5,4,145,225,265,71.6,15,16,56,7,83.3,199,205,404,0.97,77,74,46,17,13,15,9,6,2,23,65.2,26.93,17.57,38,48,32,48,2.09,3.2,43.8,31.2,187.2,86.2,24,69.2,10,7,3,2,160,249,278,68.8,9,10,44,9,60,MCG,5,LWWWLWLLWWWWWW,10,4,0
6304,2016,16,1,1,107,47,60,1,3,237,215,452,1.1,84,75,40,19,18,16,14,10,1,27,59.3,28.25,16.74,43,66,44,59,2.19,3.69,44.1,27.1,187.4,86.5,25.41,97.7,8,5,5,4,182,274,325,71.9,7,15,63,5,87.5,200,150,350,1.33,76,66,37,18,19,7,5,5,0,12,58.3,50,29.17,35,68,38,51,4.25,7.29,23.5,13.7,189.1,88.8,25.58,93.1,8,4,6,4,142,205,237,67.7,1,6,61,5,71.4,MCG,3,LWWWLWLLWWWWWWW,11,4,0
6312,2016,17,0,0,97,69,28,1,4,213,173,386,1.23,92,65,35,13,12,14,10,11,2,27,51.9,27.57,14.3,41,49,35,57,2.11,4.07,43.9,24.6,187.9,86.9,25.49,98.4,8,5,5,4,158,229,273,70.7,10,19,54,3,71.4,201,204,405,0.99,89,97,45,12,13,10,5,6,3,19,52.6,40.5,21.32,38,48,36,48,2.53,4.8,33.3,20.8,187.9,88.6,24.74,93.8,6,7,5,4,160,247,287,70.9,15,8,55,8,50,Adelaide Oval,2,LWWWLWLLWWWWWWWW,12,4,0
6321,2016,18,1,0,55,85,-30,0,7,223,124,347,1.8,78,71,48,18,15,7,3,10,3,20,35,49.57,17.35,42,56,38,46,2.3,6.57,37,15.2,187.3,86.6,25.24,96.4,8,6,5,3,150,182,216,62.2,9,6,39,1,42.9,223,191,414,1.17,82,84,39,15,18,12,9,9,4,25,48,34.5,16.56,39,58,31,55,2.2,4.58,38.2,21.8,189.4,89,26.24,113.7,9,2,3,8,168,234,287,69.3,11,11,70,1,75,GMHBA Stadium,6,LWWWLWLLWWWWWWWWL,12,5,0
6333,2016,19,0,0,143,61,82,1,5,216,241,457,0.9,97,69,26,22,21,22,14,11,0,33,66.7,20.77,13.85,35,49,32,65,1.97,2.95,50.8,33.8,186.9,85.5,25.24,97.6,8,6,4,4,156,309,357,78.1,12,16,46,7,63.6,191,172,363,1.11,91,62,60,21,22,9,8,7,0,16,56.2,40.33,22.69,40,59,35,45,2.81,5,35.6,20,187.5,84.9,23.91,72,13,3,3,3,136,229,263,72.5,15,13,61,2,88.9,Adelaide Oval,5,LWWWLWLLWWWWWWWWLW,13,5,0
6339,2016,20,0,0,177,39,138,1,2,254,223,477,1.14,128,57,39,21,21,27,21,11,4,42,64.3,17.67,11.36,35,57,23,73,1.74,2.7,52.1,37,187.2,86,24.66,83.6,8,7,4,3,155,325,383,80.3,18,19,43,18,77.8,149,135,284,1.1,38,75,44,21,21,6,2,3,0,9,66.7,47.33,31.56,39,57,35,29,3.22,4.83,31,20.7,188.5,87,23.8,67,11,5,5,1,141,143,193,68,10,3,55,2,33.3,Adelaide Oval,3,LWWWLWLLWWWWWWWWLWW,14,5,0
6351,2016,21,1,1,142,70,72,1,6,232,223,455,1.04,94,81,23,14,16,21,14,12,4,37,56.8,21.67,12.3,34,48,31,69,1.86,3.29,47.8,30.4,187,85.9,25,95.7,8,6,4,4,155,298,343,75.4,9,20,37,18,66.7,194,194,388,1,68,65,47,16,14,11,6,3,1,15,73.3,35.27,25.87,34,58,45,45,3,4.09,31.1,24.4,187.3,85.3,25.91,105.1,8,4,3,7,148,237,281,72.4,3,4,42,2,54.5,Domain Stadium,3,LWWWLWLLWWWWWWWWLWWW,15,5,0
6357,2016,22,1,1,109,94,15,1,13,208,149,357,1.4,95,61,43,19,20,15,9,17,2,34,44.1,23.8,10.5,30,53,34,59,1.74,3.93,54.2,25.4,187,86,25.33,103.2,7,6,5,4,132,224,265,74.2,13,18,56,2,60,185,139,324,1.33,70,68,35,20,19,14,7,10,0,24,58.3,23.14,13.5,45,56,29,53,2.21,3.79,45.3,26.4,186.6,84.2,24.8,91,6,9,2,5,142,188,228,70.4,9,10,47,12,50,Adelaide Oval,2,LWWWLWLLWWWWWWWWLWWWW,16,5,0
6368,2016,23,0,1,71,100,-29,0,17,202,150,352,1.35,78,72,36,20,12,10,6,7,4,21,47.6,35.2,16.76,38,52,29,47,2.24,4.7,36.2,21.3,187.3,86.5,25.41,97.1,8,7,3,4,138,212,249,70.7,10,13,47,9,60,205,203,408,1.01,85,52,46,12,20,14,7,14,2,30,46.7,29.14,13.6,36,59,29,52,1.73,3.71,53.8,26.9,188,89.2,26.33,120.3,3,5,5,9,162,250,289,70.8,15,14,60,4,50,Adelaide Oval,5,LWWWLWLLWWWWWWWWLWWWWL,16,6,0
9301,2016,25,0,0,141,79,62,1,12,219,166,385,1.32,101,65,49,10,15,21,12,12,3,36,58.3,18.33,10.69,45,40,22,68,1.89,3.24,48.5,30.9,187,86,25.41,105.1,6,7,5,4,142,239,294,76.4,21,19,56,1,57.1,171,179,350,0.96,67,43,41,15,10,12,9,6,1,19,63.2,29.17,18.42,37,47,39,40,2.11,3.33,45,30,187.6,88,27.66,155.5,3,4,6,9,130,218,259,74,12,10,43,8,75,Adelaide Oval,5,LWWWLWLLWWWWWWWWLWWWWL,16,6,0
9303,2016,26,1,0,82,118,-36,0,16,203,150,353,1.35,77,69,42,19,12,12,6,10,0,22,54.5,29.42,16.05,38,56,30,56,2.55,4.67,39.3,21.4,187,86,25.41,106.1,6,7,5,4,146,201,242,68.6,14,9,46,5,50,221,224,445,0.99,83,59,47,12,19,18,12,9,1,28,64.3,24.72,15.89,47,65,42,49,1.75,2.72,55.1,36.7,186.9,87,25.41,103.2,8,5,1,8,166,278,325,73,11,10,43,3,66.7,SCG,5,LWWWLWLLWWWWWWWWLWWWWL,16,6,0
9314,2017,1,0,0,147,91,56,1,9,230,185,415,1.24,91,60,31,22,24,22,18,13,2,37,59.5,18.86,11.22,38,58,32,65,1.76,2.95,53.8,33.8,187.3,86.3,25.8,86.8,7,8,3,4,147,268,318,76.6,7,18,55,14,81.8,215,134,349,1.6,88,50,43,24,22,14,11,7,0,21,66.7,24.93,16.62,39,59,42,47,2.24,3.36,44.7,29.8,188.7,88.5,25.49,101.7,4,11,2,5,130,210,267,76.5,12,11,34,13,78.6,Adelaide Oval,1,W,1,0,0
9318,2017,2,1,1,113,89,24,1,10,194,174,368,1.11,90,83,45,11,22,16,11,13,4,33,48.5,23,11.15,39,50,36,55,1.67,3.44,52.7,29.1,187.6,87.1,25.24,91.9,6,8,4,4,150,230,272,73.9,22,17,40,2,68.8,198,212,410,0.93,81,77,40,22,11,13,8,8,3,24,54.2,31.54,17.08,37,51,29,51,2.12,3.92,41.2,25.5,187.1,86.6,27.8,137.2,5,2,8,7,150,256,299,72.9,6,10,50,6,61.5,MCG,2,WW,2,0,0
9329,2017,3,1,1,100,83,17,1,13,223,164,387,1.36,82,79,46,21,26,15,10,9,1,25,60,25.8,15.48,44,64,38,53,2.12,3.53,45.3,28.3,187.4,86.4,25,90.2,6,8,4,4,176,216,274,70.8,11,17,45,11,66.7,202,134,336,1.51,69,80,52,26,21,12,8,9,2,23,52.2,28,14.61,43,54,33,58,2.52,4.83,36.2,20.7,187.9,87.8,25.8,92.5,7,6,4,5,145,185,223,66.4,13,9,55,10,66.7,Adelaide Oval,1,WWW,3,0,0
9339,2017,4,0,0,153,88,65,1,5,206,207,413,1,75,60,39,17,15,24,17,8,1,33,72.7,17.21,12.52,39,50,30,63,1.91,2.62,50.8,38.1,187.2,86.2,25,91.9,6,8,4,4,157,254,317,76.8,13,19,46,10,70.8,229,228,457,1,109,48,45,15,18,13,10,6,4,23,56.5,35.15,19.87,39,66,37,47,2.04,3.62,40.4,27.7,186,85.8,25.74,103.8,7,6,4,5,142,312,343,75.1,6,14,46,11,76.9,Adelaide Oval,2,WWWW,4,0,0
9345,2017,5,1,1,153,86,67,1,8,205,217,422,0.94,80,63,34,17,15,23,16,10,5,38,60.5,18.35,11.11,32,52,32,62,1.63,2.7,53.2,37.1,187.1,86.1,25.8,94.1,6,8,4,4,148,279,327,77.5,13,17,51,7,69.6,223,180,403,1.24,104,49,34,15,17,13,9,6,2,21,61.9,31,19.19,33,61,38,49,2.33,3.77,38.8,26.5,187.4,84.5,23.91,75.1,10,7,2,3,138,264,307,76.2,10,12,50,12,69.2,Metricon Stadium,1,WWWWW,5,0,0
9360,2017,6,0,0,140,64,76,1,14,250,211,461,1.18,125,70,63,21,15,21,13,10,4,35,60,21.95,13.17,46,51,38,60,1.71,2.86,51.7,35,188,87.8,25.33,97.3,5,9,4,4,181,286,346,75.1,25,21,39,3,61.9,177,157,334,1.13,58,82,41,15,21,10,8,3,1,14,71.4,33.4,23.86,38,57,34,50,3.57,5,26,20,185.9,85.2,24.66,87,8,5,3,6,155,176,227,68,14,9,56,8,80,Adelaide Oval,1,WWWWWW,6,0,0
9362,2017,7,1,0,86,145,-59,0,12,195,194,389,1.01,69,50,38,16,23,13,6,5,3,21,61.9,29.92,18.52,34,70,49,56,2.67,4.31,32.1,23.2,187.9,87.7,25.49,98.5,5,9,4,4,168,226,259,66.6,16,9,53,5,46.2,218,170,388,1.28,77,90,45,23,16,22,14,12,1,35,62.9,17.64,11.09,47,59,37,79,2.26,3.59,43,27.8,188,88.2,25.33,91.1,8,4,4,6,161,228,281,72.4,11,12,51,6,63.6,Blundstone Arena,1,WWWWWWL,6,1,0
9375,2017,8,0,1,66,107,-41,0,11,184,195,379,0.94,69,71,76,16,21,9,7,11,1,21,42.9,42.11,18.05,38,63,33,49,2.33,5.44,40.8,18.4,187.7,87.4,25.49,99.4,5,9,4,4,156,225,271,71.5,12,12,56,6,77.8,213,207,420,1.03,73,89,29,21,16,17,11,4,1,22,77.3,24.71,19.09,49,55,36,53,2.41,3.12,39.6,32.1,187,88.1,24.8,85.1,9,6,3,4,172,246,304,72.4,9,15,57,0,64.7,Adelaide Oval,1,WWWWWWLL,6,2,0
9382,2017,9,1,1,140,60,80,1,2,257,185,442,1.39,99,60,40,21,15,21,18,12,2,35,60,21.05,12.63,38,64,37,67,1.91,3.19,49.3,31.3,187.6,87,24.8,88,7,7,4,4,162,269,306,69.2,11,18,56,7,85.7,211,148,359,1.43,72,66,36,15,21,7,4,17,1,25,28,51.29,14.36,34,66,38,51,2.04,7.29,47.1,13.7,189.5,88.3,23.41,58.8,9,9,3,1,149,210,245,68.2,6,5,67,0,57.1,Gabba,1,WWWWWWLLW,7,2,0
9392,2017,10,0,0,143,43,100,1,6,260,175,435,1.49,93,83,49,19,19,20,11,15,8,43,46.5,21.75,10.12,41,63,33,72,1.67,3.6,48.6,27.8,188.2,87.8,25.49,98.5,6,7,4,5,177,255,307,70.6,11,13,66,9,55,203,130,333,1.56,52,73,34,19,19,6,4,6,1,13,46.2,55.5,25.62,36,67,44,40,3.08,6.67,30,15,186.8,86.6,25.58,97.7,9,3,5,5,139,173,214,64.3,5,2,55,3,66.7,Adelaide Oval,1,WWWWWWLLWW,8,2,0
9397,2017,11,1,0,74,96,-22,0,7,186,135,321,1.38,60,82,50,23,24,10,7,8,6,24,41.7,32.1,13.38,42,47,32,51,2.12,5.1,35.3,19.6,188.2,87.8,25.49,99.5,6,6,5,5,130,177,218,67.9,6,10,55,9,70,225,204,429,1.1,92,77,41,24,23,13,7,15,3,31,41.9,33,13.84,40,49,37,52,1.68,4,53.8,25,190.8,90.8,26.33,117,6,3,7,6,164,265,318,74.1,8,15,50,7,53.8,GMHBA Stadium,2,WWWWWWLLWWL,8,3,0
9403,2017,12,0,0,111,54,57,1,15,213,205,418,1.04,92,63,42,27,15,16,6,12,3,31,51.6,26.12,13.48,37,57,32,61,1.97,3.81,45.9,26.2,188.4,88.1,25.33,88.8,8,6,4,4,159,259,303,72.5,13,13,45,14,37.5,194,219,413,0.89,78,60,34,15,27,7,5,12,0,19,36.8,59,21.74,35,65,38,45,2.37,6.43,42.2,15.6,188.1,88.1,24.91,87.6,7,7,5,3,154,252,294,71.2,17,13,42,1,71.4,Adelaide Oval,1,WWWWWWLLWWLW,9,3,0
9415,2017,14,0,1,82,96,-14,0,10,216,190,406,1.14,89,75,48,25,13,12,9,7,3,22,54.5,33.83,18.45,40,62,25,56,2.55,4.67,33.9,21.4,188.5,88.3,25.41,93.5,6,7,5,4,152,253,311,76.6,7,8,51,4,75,220,199,419,1.11,97,68,41,13,25,14,9,10,2,26,53.8,29.93,16.12,35,59,38,44,1.69,3.14,54.5,31.8,187.5,86.8,26.16,119.6,6,4,5,7,148,273,325,77.6,8,12,64,2,64.3,Adelaide Oval,2,WWWWWWLLWWLWL,9,4,0
9426,2017,15,1,1,89,77,12,1,3,185,168,353,1.1,73,87,40,15,20,13,8,9,2,24,54.2,27.15,14.71,38,50,35,50,2.08,3.85,44,26,187.9,87.7,25.24,93.1,8,4,5,5,140,218,250,70.8,10,12,35,5,61.5,240,154,394,1.56,117,83,51,20,15,12,6,4,1,17,70.6,32.83,23.18,33,46,33,50,2.94,4.17,32,24,188.2,87,24.8,86.8,9,7,1,5,151,243,294,74.6,23,12,52,14,50,MCG,2,WWWWWWLLWWLWLW,10,4,0
9433,2017,16,0,0,104,45,59,1,18,248,148,396,1.68,127,84,41,18,23,16,12,6,2,24,66.7,24.75,16.5,21,49,47,54,2.25,3.38,40.7,29.6,187.3,86.7,25.66,111.7,6,5,5,6,151,256,300,75.8,20,16,69,5,75,210,156,366,1.35,60,75,23,23,18,5,3,12,3,20,25,73.2,18.3,42,54,33,57,2.85,11.4,29.8,8.8,186,84.8,25.24,96.4,7,6,6,3,157,203,238,65,4,9,49,0,60,Adelaide Oval,1,WWWWWWLLWWLWLWW,11,4,0
9447,2017,17,1,1,116,70,46,1,11,224,170,394,1.32,94,67,50,17,24,17,14,13,1,31,54.8,23.18,12.71,45,61,40,52,1.68,3.06,57.7,32.7,187.9,87.2,25.58,102.3,6,6,5,5,150,245,284,72.1,7,18,43,3,82.4,197,196,393,1.01,67,58,42,24,17,10,7,9,1,20,50,39.3,19.65,37,63,30,55,2.75,5.5,34.5,18.2,187.8,88.6,24.58,75.3,11,5,3,3,150,234,278,70.7,4,10,42,9,70,TIO Stadium,1,WWWWWWLLWWLWLWWW,12,4,0
9451,2017,18,0,0,91,70,21,1,7,214,132,346,1.62,91,70,39,30,31,13,6,12,1,26,50,26.62,13.31,47,63,31,48,1.85,3.69,52.1,27.1,188,87.4,25.8,101.1,6,6,5,5,154,186,240,69.4,12,13,59,2,46.2,163,165,328,0.99,63,89,37,31,30,10,8,6,4,20,50,32.8,16.4,27,57,26,42,2.1,4.2,38.1,23.8,191.3,91.3,26.16,112.8,6,3,6,7,145,186,242,73.8,16,11,35,6,80,Adelaide Oval,1,WWWWWWLLWWLWLWWWW,13,4,0
9467,2017,19,1,0.5,103,103,0,0.5,4,197,179,376,1.1,89,68,46,12,18,16,15,6,1,23,69.6,23.5,16.35,36,50,41,51,2.22,3.19,43.1,31.4,188.5,87.5,25.41,91.3,6,7,5,4,117,256,299,79.5,4,18,51,4,93.8,233,197,430,1.18,92,80,47,18,12,15,10,12,1,28,53.6,28.67,15.36,45,49,33,59,2.11,3.93,45.8,25.4,187.2,88.1,25.24,99.6,6,7,4,5,167,261,313,72.8,10,8,53,11,66.7,MCG,1,WWWWWWLLWWLWLWWWWD,13,4,1
9477,2017,20,0,0,130,46,84,1,13,250,157,407,1.59,90,83,44,27,20,18,12,19,3,40,45,22.61,10.18,55,60,24,81,2.02,4.5,45.7,22.2,188,87.5,25.49,100.9,5,6,6,5,181,233,289,71,19,17,53,2,66.7,164,143,307,1.15,48,81,49,20,27,7,5,4,0,11,63.6,43.86,27.91,35,75,48,31,2.82,4.43,35.5,22.6,187.7,86.7,25.49,111.3,5,5,5,7,135,167,204,66.4,6,3,52,2,71.4,Adelaide Oval,1,WWWWWWLLWWLWLWWWWDW,14,4,1
9482,2017,21,1,1,123,80,43,1,5,231,156,387,1.48,119,68,35,21,14,18,15,11,4,33,54.5,21.5,11.73,30,40,31,62,1.88,3.44,46.8,29,188,87.5,25.58,101.9,5,6,6,5,144,243,297,76.7,24,22,36,13,83.3,207,170,377,1.22,99,61,33,14,21,12,9,7,1,20,60,31.42,18.85,30,51,41,47,2.35,3.92,40.4,25.5,187.5,86.2,26,109.1,6,7,4,5,127,248,274,72.7,11,8,46,7,75,Marvel Stadium,1,WWWWWWLLWWLWLWWWWDWW,15,4,1
9487,2017,22,0,1,80,83,-3,0,16,232,178,410,1.3,85,87,53,28,14,11,9,12,2,25,44,37.27,16.4,36,54,26,63,2.52,5.73,36.5,17.5,188,87.5,25.58,102.9,5,6,5,6,186,231,283,69,13,14,60,2,81.8,210,149,359,1.41,67,93,42,14,28,13,7,5,0,18,72.2,27.62,19.94,41,72,51,42,2.33,3.23,42.9,31,187.5,87.6,25.8,123.2,6,5,3,8,165,184,236,65.7,12,12,60,6,53.8,Adelaide Oval,1,WWWWWWLLWWLWLWWWWDWWL,15,5,1
9504,2017,23,1,0,71,100,-29,0,17,202,213,415,0.95,87,62,54,12,23,10,8,9,2,21,47.6,41.5,19.76,50,53,32,53,2.52,5.3,35.8,18.9,187.5,86.1,25.24,97,5,8,4,5,142,284,314,75.7,5,7,39,11,80,231,161,392,1.43,108,59,42,23,12,15,8,9,1,25,60,26.13,15.68,33,50,37,50,2,3.33,48,30,187.9,89.4,27,141.5,4,3,5,10,152,245,302,77,20,9,49,9,53.3,Domain Stadium,1,WWWWWWLLWWLWLWWWWDWWLL,15,6,1
9505,2017,25,0,0,84,48,36,1,9,217,123,340,1.76,77,88,38,24,19,12,8,11,1,24,50,28.33,14.17,42,55,40,52,2.17,4.33,44.2,23.1,188.2,87.5,25.49,103,4,8,5,5,159,181,235,69.1,10,11,65,2,66.7,194,160,354,1.21,63,110,45,19,24,6,5,9,3,18,33.3,59,19.67,42,62,34,52,2.89,8.67,28.8,11.5,189.7,89,25.24,110.3,2,10,5,5,160,199,245,69.2,9,10,62,8,83.3,Adelaide Oval,1,WWWWWWLLWWLWLWWWWDWWLL,15,6,1
9512,2017,27,0,0,136,75,61,1,7,254,128,382,1.98,135,64,39,17,23,21,11,6,4,31,67.7,18.19,12.32,42,57,34,52,1.68,2.48,51.9,40.4,188,87.5,25.91,107.7,3,8,5,6,141,247,290,75.9,9,13,43,9,52.4,179,170,349,1.05,81,85,41,23,17,10,6,14,1,25,40,34.9,13.96,36,53,27,49,1.96,4.9,49,20.4,190.8,91.4,26.58,125,6,2,5,9,139,211,239,68.5,16,9,44,11,60,Adelaide Oval,1,WWWWWWLLWWLWLWWWWDWWLL,15,6,1
9513,2017,28,0,1,60,108,-48,0,14,197,150,347,1.31,92,70,55,19,24,8,4,7,5,20,40,43.38,17.35,39,62,41,49,2.45,6.12,30.6,16.3,188,87.5,25.91,108.7,3,8,5,6,140,209,251,72.3,10,13,46,6,50,212,128,340,1.66,70,67,28,24,19,16,12,10,2,28,57.1,21.25,12.14,45,54,34,58,2.07,3.62,44.8,27.6,186.4,86.1,25.8,104.1,7,4,4,7,170,162,231,67.9,15,13,54,7,75,MCG,1,WWWWWWLLWWLWLWWWWDWWLL,15,6,1
9515,2018,1,1,0,87,99,-12,0,5,204,183,387,1.11,83,50,37,12,19,12,7,14,1,27,44.4,32.25,14.33,40,48,43,53,1.96,4.42,49.1,22.6,187.1,87.8,25.66,98.9,7,5,4,6,142,242,296,76.5,11,10,60,10,58.3,214,177,391,1.21,92,69,39,19,12,14,10,14,1,29,48.3,27.93,13.48,32,48,39,60,2.07,4.29,46.7,23.3,187.6,87.8,24.91,85.4,10,6,3,3,156,246,294,75.2,16,19,52,14,71.4,Marvel Stadium,11,L,0,1,0
9523,2018,2,0,0,118,82,36,1,14,261,188,449,1.39,106,48,48,28,14,18,13,9,1,28,64.3,24.94,16.04,39,60,35,64,2.29,3.56,42.2,28.1,187.6,88.5,25.33,95.1,8,4,4,6,192,257,344,76.6,16,10,44,3,72.2,183,126,309,1.45,52,73,26,14,28,12,7,8,2,22,54.5,25.75,14.05,38,68,43,49,2.23,4.08,40.8,24.5,185.6,85.6,25.33,100.5,8,4,3,7,144,155,220,71.2,12,4,55,2,58.3,Adelaide Oval,7,LW,1,1,0
9537,2018,3,1,1,104,55,49,1,15,236,161,397,1.47,111,79,42,21,17,15,12,12,2,29,51.7,26.47,13.69,34,42,41,51,1.76,3.4,52.9,29.4,187.6,88.1,26.16,107.5,7,3,5,7,134,255,315,79.3,12,14,51,8,80,220,157,377,1.4,101,51,22,17,21,7,4,10,3,20,35,53.86,18.85,31,53,31,54,2.7,7.71,31.5,13,188,87.6,24.49,77.5,9,5,4,4,135,247,278,73.7,11,12,46,7,57.1,Marvel Stadium,3,LWW,2,1,0
9541,2018,4,0,1,58,106,-48,0,4,211,161,372,1.31,80,67,37,20,19,9,5,3,1,13,69.2,41.33,28.62,33,64,41,49,3.77,5.44,24.5,18.4,188.4,89,26.16,108.5,7,3,4,8,163,202,257,69.1,10,5,49,1,55.6,215,217,432,0.99,52,77,50,19,20,16,9,10,0,26,61.5,27,16.62,57,75,39,58,2.23,3.62,44.8,27.6,188.9,87.8,24.66,84.3,8,7,3,4,198,228,296,68.5,6,6,50,6,56.2,Adelaide Oval,9,LWWL,2,2,0
9550,2018,5,1,1,85,75,10,1,16,230,141,371,1.63,91,60,48,19,18,12,8,10,3,25,48,30.92,14.84,40,51,47,48,1.92,4,45.8,25,188.9,89.3,25.41,86.2,9,4,4,5,149,218,274,73.9,11,5,52,1,66.7,221,154,375,1.44,91,64,37,18,19,10,5,13,2,25,40,37.5,15,34,56,35,64,2.56,6.4,35.9,15.6,186.2,85.9,26.8,121,4,9,1,8,144,224,280,74.7,13,12,57,3,50,SCG,8,LWWLW,3,2,0
9564,2018,6,0,0,110,62,48,1,8,252,205,457,1.23,113,58,36,29,14,16,8,12,2,30,53.3,28.56,15.23,30,51,29,54,1.8,3.38,51.9,29.6,187.9,88,25.58,94,8,3,5,6,166,286,340,74.4,13,12,49,6,50,196,153,349,1.28,82,84,36,14,29,9,7,6,2,17,52.9,38.78,20.53,42,58,35,40,2.35,4.44,37.5,22.5,188.5,86.8,24.49,79.4,6,9,5,2,136,219,243,69.6,3,6,55,3,77.8,Adelaide Oval,5,LWWLWW,4,2,0
9573,2018,7,0,0,125,70,55,1,3,216,170,386,1.27,95,60,38,18,10,19,13,11,0,30,63.3,20.32,12.87,36,43,27,54,1.8,2.84,55.6,35.2,187.8,87.5,25.74,101,8,3,5,6,141,253,293,75.9,10,17,36,5,68.4,220,112,332,1.96,107,66,41,11,18,10,6,6,4,20,50,33.2,16.6,37,58,33,37,1.85,3.7,43.2,27,188.6,86.8,25.8,82.1,9,6,4,3,119,198,230,69.3,11,9,49,5,60,Adelaide Oval,3,LWWLWWW,5,2,0
9581,2018,8,1,0,90,95,-5,0,13,221,115,336,1.92,102,56,35,14,24,14,9,4,2,20,70,24,16.8,36,60,33,50,2.5,3.57,36,28,187.9,88,26.16,107.7,7,3,5,7,137,194,243,72.3,15,8,38,10,64.3,233,178,411,1.31,101,81,48,24,14,14,9,11,0,25,56,29.36,16.44,43,51,37,49,1.96,3.5,51,28.6,188.3,86.6,25.8,113.9,5,5,5,7,157,249,294,71.5,8,10,61,6,64.3,Adelaide Oval,4,LWWLWWWL,5,3,0
9586,2018,9,0,0,63,26,37,1,18,234,96,330,2.44,45,114,57,24,17,9,4,6,3,18,50,36.67,18.33,53,50,46,48,2.67,5.33,31.2,18.8,188,88,26,100,8,3,5,6,213,113,173,52.4,9,7,65,0,44.4,212,186,398,1.14,34,118,40,17,24,2,0,10,4,16,12.5,199,24.88,35,62,35,52,3.25,26,23.1,3.8,187,85.7,23.58,74.1,9,6,5,2,193,177,222,55.8,7,5,84,1,0,Adelaide Oval,4,LWWLWWWLW,6,3,0
9601,2018,10,1,0,55,146,-91,0,11,201,144,345,1.4,90,66,26,13,22,8,5,7,0,15,53.3,43.12,23,28,49,38,38,2.53,4.75,39.5,21.1,187.5,87.3,25.74,103,8,3,5,6,117,225,256,74.2,7,6,32,7,62.5,245,223,468,1.1,125,60,54,22,13,23,16,7,1,31,74.2,20.35,15.1,39,44,28,62,2,2.7,48.4,37.1,187.4,88.7,24.91,88.9,9,6,4,3,163,308,368,78.6,16,19,39,4,69.6,TIO Traeger Park,7,LWWLWWWLWL,6,4,0
9611,2018,11,0,1,81,97,-16,0,9,214,163,377,1.31,65,75,48,27,13,11,9,14,1,26,42.3,34.27,14.5,52,41,34,57,2.19,5.18,43.9,19.3,187.4,87.3,26.8,107.2,7,4,5,6,185,197,248,65.8,6,6,59,7,81.8,221,143,364,1.55,70,96,44,13,27,14,10,12,1,27,51.9,26,13.48,40,65,43,53,1.96,3.79,49.1,26.4,189.7,88,24.91,90.2,7,6,6,3,166,200,259,71.2,11,10,71,8,71.4,Adelaide Oval,9,LWWLWWWLWLL,6,5,0
9617,2018,12,1,0,68,71,-3,0,6,205,155,360,1.32,81,54,42,19,18,9,8,10,4,23,39.1,40,15.65,34,43,35,50,2.17,5.56,38,18,187.8,88.2,25.91,105.3,8,4,3,7,150,215,247,68.6,12,7,49,13,88.9,230,197,427,1.17,106,64,31,18,19,10,8,9,2,21,47.6,42.7,20.33,35,58,36,50,2.38,5,38,20,186.6,86.8,23.58,60.4,13,4,3,2,151,283,310,72.6,15,12,59,6,80,Optus Stadium,10,LWWLWWWLWLLL,6,6,0
9623,2018,13,1,0,32,88,-56,0,10,220,129,349,1.71,115,46,32,21,22,4,1,4,4,12,33.3,87.25,29.08,27,58,42,35,2.92,8.75,22.9,11.4,188.1,88.4,26.41,107.3,7,5,3,7,123,221,245,70.2,6,6,44,3,25,221,194,415,1.14,89,56,50,22,21,12,8,13,3,28,42.9,34.58,14.82,49,55,29,61,2.18,5.08,41,19.7,187.1,86.5,26.41,118,5,6,2,9,145,270,311,74.9,6,13,65,7,66.7,MCG,11,LWWLWWWLWLLLL,6,7,0
9634,2018,15,0,0,88,78,10,1,17,215,150,365,1.43,79,53,40,18,20,12,7,14,2,28,42.9,30.42,13.04,44,56,20,66,2.36,5.5,39.4,18.2,187.8,88.6,25.66,102.7,7,5,3,7,163,203,263,72.1,18,8,44,4,58.3,216,119,335,1.82,89,81,47,20,18,12,10,3,3,18,66.7,27.92,18.61,34,50,46,34,1.89,2.83,44.1,35.3,187.6,87.9,25.58,101.1,7,4,3,8,134,200,251,74.9,10,8,56,4,83.3,Adelaide Oval,11,LWWLWWWLWLLLLW,7,7,0
9641,2018,16,1,0,56,103,-47,0,14,221,173,394,1.28,96,56,50,17,20,8,6,6,2,16,50,49.25,24.62,40,56,47,45,2.81,5.62,31.1,17.8,188.4,89.1,25.58,100,7,5,4,6,151,244,283,71.8,14,4,48,3,75,235,214,449,1.1,93,61,32,20,17,15,10,11,2,28,53.6,29.93,16.04,38,47,32,67,2.39,4.47,38.8,22.4,185.7,85.3,25.8,102.4,9,3,4,6,166,280,333,74.2,13,11,59,14,66.7,MCG,11,LWWLWWWLWLLLLWL,7,8,0
9649,2018,17,0,0,112,97,15,1,7,223,187,410,1.19,92,62,44,21,18,16,11,14,2,32,50,25.62,12.81,27,38,37,56,1.75,3.5,53.6,28.6,187.1,87.3,25.74,97.6,8,5,4,5,152,264,302,73.7,12,10,48,6,68.8,203,178,381,1.14,68,68,36,18,21,14,7,8,5,27,51.9,27.21,14.11,54,64,37,55,2.04,3.93,40,25.5,188.2,89.2,25.49,102.1,9,3,3,7,169,218,259,68,12,8,56,4,50,Adelaide Oval,11,LWWLWWWLWLLLLWLW,8,8,0
9662,2018,18,1,1,93,88,5,1,2,214,148,362,1.45,83,50,38,17,16,13,9,13,2,28,46.4,27.85,12.93,39,49,36,63,2.25,4.85,41.3,20.6,187.1,86.7,25.58,96.7,8,5,4,5,135,212,262,72.4,14,14,35,5,69.2,211,135,346,1.56,99,51,49,16,17,13,9,10,0,23,56.5,26.62,15.04,41,42,46,52,2.26,4,44.2,25,188.9,88.9,24.16,77.6,9,5,4,4,130,211,251,72.5,13,11,58,7,69.2,Gabba,12,LWWLWWWLWLLLLWLWW,9,8,0
9672,2018,19,0,1,77,90,-13,0,11,236,135,371,1.75,70,103,44,22,15,10,5,11,6,27,37,37.1,13.74,39,37,31,51,1.89,5.1,41.2,19.6,187.3,87.4,25.91,104.4,7,5,4,6,179,188,233,62.8,7,6,56,1,50,193,152,345,1.27,56,90,74,15,22,13,11,10,2,25,52,26.54,13.8,59,66,34,50,2,3.85,46,26,186.6,87,24.91,98.5,4,10,3,5,178,166,218,63.2,6,9,63,2,84.6,Adelaide Oval,12,LWWLWWWLWLLLLWLWWL,9,9,0
9679,2018,20,0,0,96,93,3,1,13,231,159,390,1.45,95,70,34,12,13,13,9,10,8,31,41.9,30,12.58,44,50,31,69,2.23,5.31,33.3,18.8,187,87.1,25.91,110.8,8,2,5,7,166,223,282,72.3,19,16,50,3,69.2,208,119,327,1.75,81,52,52,13,12,14,13,6,3,23,60.9,23.36,14.22,34,51,47,47,2.04,3.36,42.6,29.8,189,86.7,25.91,122,5,3,6,8,149,183,227,69.4,16,11,62,8,92.9,Adelaide Oval,12,LWWLWWWLWLLLLWLWWLW,10,9,0
9690,2018,21,1,0,92,106,-14,0,9,204,136,340,1.5,79,65,63,20,17,13,7,12,2,27,48.1,26.15,12.59,41,49,30,51,1.89,3.92,49,25.5,186.5,86.8,26.41,117,7,3,5,7,146,196,236,69.4,9,10,50,4,53.8,222,124,346,1.79,81,82,44,17,20,15,10,12,4,31,48.4,23.07,11.16,39,50,36,50,1.61,3.33,54,30,188.6,86.9,25.24,96.5,8,4,7,3,148,196,245,70.8,7,9,45,3,66.7,Manuka Oval,12,LWWLWWWLWLLLLWLWWLWL,10,10,0
9702,2018,22,0,0,86,77,9,1,12,238,226,464,1.05,120,57,30,15,16,12,8,11,3,26,46.2,38.67,17.85,37,48,36,56,2.15,4.67,41.1,21.4,186.4,86,26.41,116.3,6,5,5,6,147,321,350,75.4,10,11,45,7,66.7,209,163,372,1.28,101,68,38,16,15,11,7,10,1,22,50,33.82,16.91,30,53,36,47,2.14,4.27,44.7,23.4,188,88,26.16,113.8,6,5,4,7,136,241,274,73.7,16,13,35,7,63.6,Adelaide Oval,12,LWWLWWWLWLLLLWLWWLWLW,11,10,0
9703,2018,23,1,1,165,61,104,1,3,231,182,413,1.27,123,72,34,18,15,26,18,7,2,35,74.3,15.88,11.8,30,41,49,54,1.54,2.08,61.1,48.1,187.7,86.9,26.16,106.3,8,4,5,5,128,285,328,79.4,12,16,34,9,69.2,196,155,351,1.26,77,54,36,15,18,8,5,12,1,21,38.1,43.88,16.71,37,56,25,61,2.9,7.62,32.8,13.1,188,85.9,24.8,88.9,9,8,1,4,145,211,237,67.5,13,14,47,3,62.5,Marvel Stadium,12,LWWLWWWLWLLLLWLWWLWLWW,12,10,0
9724,2019,1,0,1,55,87,-32,0,10,229,211,440,1.09,91,57,35,20,11,7,5,9,4,20,35,62.86,22,39,60,41,58,2.9,8.29,27.6,12.1,186.6,86.4,26.58,120.2,6,4,4,8,172,265,306,69.5,11,8,56,3,71.4,225,143,368,1.57,81,74,40,11,20,12,9,13,2,27,44.4,30.67,13.63,30,72,49,55,2.04,4.58,45.5,21.8,187.6,87.4,26.74,119.6,7,3,2,10,154,202,252,68.5,12,9,76,6,75,Adelaide Oval,15,L,0,1,0
9731,2019,2,1,1,88,62,26,1,16,226,152,378,1.49,93,64,47,27,16,12,5,14,2,28,42.9,31.5,13.5,41,48,47,53,1.89,4.42,49.1,22.6,187.2,87.2,26.58,117.1,5,6,4,7,137,229,270,71.4,11,7,46,4,41.7,214,168,382,1.27,90,54,29,16,27,8,6,11,3,22,36.4,47.75,17.36,44,76,39,55,2.5,6.88,34.5,14.5,187.6,86.3,24.91,97.1,8,6,4,4,140,235,278,72.8,11,7,49,5,75,SCG,12,LW,1,1,0
9739,2019,3,0,1,75,99,-24,0,7,210,159,369,1.32,90,66,31,15,15,10,8,12,3,25,40,36.9,14.76,37,43,33,53,2.12,5.3,41.5,18.9,187.3,87.1,26.33,109.2,6,6,4,6,115,235,264,71.5,9,12,51,7,80,228,121,349,1.88,108,48,37,15,15,14,10,13,2,29,48.3,24.93,12.03,31,45,43,49,1.69,3.5,55.1,28.6,188.8,89.3,26.8,111,9,2,3,8,148,202,255,73.1,14,13,36,4,71.4,Adelaide Oval,13,LWL,1,2,0
9753,2019,4,1,0,59,71,-12,0,12,213,142,355,1.5,109,52,21,18,24,8,6,10,1,19,42.1,44.38,18.68,19,57,45,36,1.89,4.5,50,22.2,187.3,87.7,25.8,96.2,8,5,4,5,120,240,270,76.1,7,9,42,3,75,239,155,394,1.54,120,51,29,25,18,9,3,15,2,26,34.6,43.78,15.15,31,53,26,57,2.19,6.33,42.1,15.8,188.1,87.7,25.91,105.6,7,2,7,6,137,260,294,74.6,7,13,45,3,33.3,Marvel Stadium,14,LWLL,1,3,0
9764,2019,5,0,0,119,46,73,1,8,248,207,455,1.2,106,69,39,15,17,18,11,10,1,29,62.1,25.28,15.69,39,51,35,59,2.03,3.28,47.5,30.5,187.8,87.6,26.24,103.6,8,5,2,7,169,283,331,72.7,15,11,50,6,61.1,220,169,389,1.3,94,83,56,17,15,6,5,8,2,16,37.5,64.83,24.31,39,63,41,41,2.56,6.83,34.1,14.6,188.7,86.3,24,65.6,10,6,4,2,151,238,267,68.6,8,7,50,6,83.3,Adelaide Oval,12,LWLLW,2,3,0
9770,2019,6,1,1,97,68,29,1,15,242,158,400,1.53,118,50,45,17,18,15,9,7,0,22,68.2,26.67,18.18,40,49,33,52,2.36,3.47,42.3,28.8,187.6,87.5,25.8,92,9,5,2,6,152,245,293,73.2,14,17,44,0,60,197,156,353,1.26,101,72,24,18,17,10,9,7,1,18,55.6,35.3,19.61,28,43,36,45,2.5,4.5,37.8,22.2,186.6,85.5,24.58,74.8,6,11,3,2,131,225,269,76.2,8,10,49,10,90,Marvel Stadium,9,LWLLWW,3,3,0
9783,2019,7,0,0,51,34,17,1,6,225,224,449,1,72,58,52,10,10,7,4,8,1,16,43.8,64.14,28.06,46,43,44,50,3.12,7.14,30,14,187.7,87.4,26.24,104.1,8,5,2,7,183,261,295,65.7,13,8,53,7,57.1,219,186,405,1.18,84,65,34,10,10,5,4,3,1,9,55.6,81,45,43,43,41,50,5.56,10,16,10,187.1,86.3,25.8,83,7,8,5,2,164,248,274,67.7,16,8,82,7,80,Adelaide Oval,6,LWLLWWW,4,3,0
9789,2019,8,1,1,88,68,20,1,13,229,156,385,1.47,55,93,38,16,18,13,6,7,3,23,56.5,29.62,16.74,36,69,59,62,2.7,4.77,32.3,21,187.4,87.3,26.8,99.5,8,5,3,6,188,186,250,64.9,6,5,64,1,46.2,241,136,377,1.77,67,78,50,18,16,9,4,13,1,23,39.1,41.89,16.39,53,67,49,69,3,7.67,31.9,13,188.9,85.8,24.58,83.9,11,5,0,6,187,189,243,64.5,5,8,77,4,44.4,Adelaide Oval,3,LWLLWWWW,5,3,0
9795,2019,9,1,0,92,93,-1,0,2,213,140,353,1.52,91,57,41,25,13,13,11,12,2,27,48.1,27.15,13.07,39,49,44,56,2.07,4.31,44.6,23.2,187.6,87.3,26.16,105.9,8,4,3,7,153,195,254,72,13,15,46,3,84.6,204,151,355,1.35,66,81,48,13,25,13,6,13,2,28,46.4,27.31,12.68,41,60,41,58,2.07,4.46,44.8,22.4,189.2,88.5,24.58,83.1,9,6,3,4,149,199,259,73,11,9,55,2,46.2,Gabba,7,LWLLWWWWL,5,4,0
9805,2019,10,0,1,73,85,-12,0,17,228,167,395,1.37,67,94,51,16,20,10,5,11,2,23,43.5,39.5,17.17,48,60,33,60,2.61,6,35,16.7,187.2,87.3,25.41,87.9,10,5,2,5,168,220,263,66.6,6,7,58,1,50,222,113,335,1.96,60,100,61,20,16,13,8,7,0,20,65,25.77,16.75,49,65,49,48,2.4,3.69,41.7,27.1,187.5,87.5,25.8,113.6,7,3,3,9,170,149,201,60,10,6,80,4,61.5,Adelaide Oval,7,LWLLWWWWLL,5,5,0
9816,2019,11,1,1,90,88,2,1,11,229,147,376,1.56,103,69,40,15,13,14,10,4,2,20,70,26.86,18.8,35,43,50,45,2.25,3.21,40,31.1,187.6,87.6,26.74,115.7,6,5,4,7,133,239,275,73.1,6,7,44,5,71.4,230,165,395,1.39,107,52,34,13,15,12,12,11,5,28,42.9,32.92,14.11,33,53,29,62,2.21,5.17,37.1,19.4,186.9,87.5,24.8,78.1,9,7,3,3,148,249,288,72.9,14,18,45,2,100,TIO Stadium,8,LWLLWWWWLLW,6,5,0
9823,2019,12,0,0,82,61,21,1,9,231,141,372,1.64,103,59,36,24,7,12,6,10,0,22,54.5,31,16.91,42,46,34,56,2.55,4.67,39.3,21.4,187.4,88,26.49,108.6,6,7,3,6,160,216,262,70.4,15,7,52,11,50,225,160,385,1.41,113,53,40,7,24,9,8,7,0,16,56.2,42.78,24.06,36,59,43,43,2.69,4.78,37.2,20.9,188.3,87.4,25.74,102.1,7,4,6,5,140,250,284,73.8,15,7,44,7,88.9,Adelaide Oval,5,LWLLWWWWLLWW,7,5,0
9826,2019,13,0,0,101,68,33,1,14,248,179,427,1.39,101,56,62,17,11,15,9,9,2,26,57.7,28.47,16.42,48,57,38,61,2.35,4.07,39.3,24.6,187.4,88,26.49,109.6,6,6,4,6,161,256,306,71.7,16,12,45,1,60,201,157,358,1.28,93,89,22,11,17,9,6,10,4,23,39.1,39.78,15.57,24,57,44,48,2.09,5.33,39.6,18.8,185.3,84,23.91,78.5,11,3,5,3,121,227,255,71.2,14,8,53,5,66.7,Adelaide Oval,4,LWLLWWWWLLWWW,8,5,0
9839,2019,15,1,0,69,96,-27,0,7,204,155,359,1.32,76,64,41,16,12,10,5,5,4,19,52.6,35.9,18.89,42,41,48,40,2.11,4,37.5,25,187.4,86.8,26.33,112.1,7,5,3,7,138,211,257,71.6,13,7,35,14,50,237,173,410,1.37,106,66,34,12,16,14,10,10,2,26,53.8,29.29,15.77,37,55,29,63,2.42,4.5,38.1,22.2,187.4,87.9,26.16,123.8,8,3,2,9,147,258,305,74.4,12,17,63,3,71.4,GMHBA Stadium,6,LWLLWWWWLLWWWL,8,6,0
9850,2019,16,0,1,44,101,-57,0,13,203,136,339,1.49,83,48,31,16,13,5,2,11,3,19,26.3,67.8,17.84,27,52,50,42,2.21,8.4,38.1,11.9,187,87.1,26.74,119.4,5,6,4,7,133,199,241,71.1,9,7,39,8,40,265,185,450,1.43,136,54,42,13,16,15,12,10,1,26,57.7,30,17.31,45,46,35,66,2.54,4.4,37.9,22.7,188.3,86.8,25.33,104.2,5,8,3,6,135,303,341,75.8,11,11,59,5,80,Adelaide Oval,8,LWLLWWWWLLWWWLL,8,7,0
9860,2019,17,1,1,151,56,95,1,8,252,224,476,1.12,120,69,44,17,24,23,19,12,1,36,63.9,20.7,13.22,37,66,31,65,1.81,2.83,53.8,35.4,186.5,87,26.41,110.4,6,6,4,6,143,325,361,75.8,9,16,46,14,82.6,202,100,302,2.02,85,75,37,24,17,8,2,7,1,16,50,37.75,18.88,41,61,40,40,2.5,5,37.5,20,187.6,85.6,24.24,80.3,9,6,4,3,127,168,201,66.6,8,4,43,2,25,Metricon Stadium,7,LWLLWWWWLLWWWLLW,9,7,0
9865,2019,18,0,1,75,96,-21,0,5,242,182,424,1.33,109,49,44,18,16,10,8,10,5,25,40,42.4,16.96,50,44,35,52,2.08,5.2,38.5,19.2,187.5,87.7,26.74,117.3,3,8,5,6,141,271,322,75.9,9,15,40,5,80,212,193,405,1.1,75,66,26,16,18,15,11,6,0,21,71.4,27,19.29,28,57,39,50,2.38,3.33,42,30,186.3,87.1,24.91,81.5,6,10,2,4,152,239,298,73.6,9,9,42,15,73.3,Adelaide Oval,8,LWLLWWWWLLWWWLLWL,9,8,0
9876,2019,19,1,0,60,87,-27,0,3,193,150,343,1.29,87,85,41,27,19,9,6,4,2,15,60,38.11,22.87,29,47,33,46,3.07,5.11,28.3,19.6,187,87.5,26.24,105.5,4,7,6,5,123,215,249,72.6,12,5,43,7,66.7,232,153,385,1.52,113,69,45,19,27,13,12,7,2,22,59.1,29.62,17.5,52,65,37,46,2.09,3.54,43.5,28.3,187.9,86.1,25,89,10,6,2,4,145,235,281,73,16,16,48,4,92.3,MCG,8,LWLLWWWWLLWWWLLWLL,9,9,0
9888,2019,20,0,0,92,70,22,1,15,244,162,406,1.51,129,66,34,22,15,14,7,6,2,22,63.6,29,18.45,31,52,41,46,2.09,3.29,43.5,30.4,186.5,86.4,26.8,132.6,3,6,5,8,138,266,297,73.2,11,11,36,1,50,210,137,347,1.53,101,54,34,15,22,10,5,8,2,20,50,34.7,17.35,42,55,32,53,2.65,5.3,34,18.9,187.5,85.2,24.8,68.8,10,5,5,2,139,209,245,70.6,12,9,53,5,50,Adelaide Oval,8,LWLLWWWWLLWWWLLWLLW,10,9,0
9900,2019,21,1,0,80,90,-10,0,17,229,157,386,1.46,108,61,39,20,14,12,11,4,4,20,60,32.17,19.3,35,46,49,41,2.05,3.42,39,29.3,186.4,86.4,27.16,141.7,2,5,6,9,135,248,294,76.2,9,8,46,2,91.7,224,134,358,1.67,108,62,30,14,20,13,12,8,4,25,52,27.54,14.32,34,53,28,63,2.52,4.85,33.3,20.6,187.9,88,26.49,128.5,5,4,2,11,145,221,261,72.9,13,14,50,14,92.3,Optus Stadium,9,LWLLWWWWLLWWWLLWLLWL,10,10,0
9904,2019,22,0,1,48,114,-66,0,4,200,145,345,1.38,95,39,27,22,9,6,4,9,3,18,33.3,57.5,19.17,33,42,38,38,2.11,6.33,39.5,15.8,186.9,86.7,26.8,136.6,4,3,6,9,128,219,239,69.3,12,8,40,2,66.7,260,176,436,1.48,144,48,40,9,22,17,14,11,1,29,58.6,25.65,15.03,30,66,32,57,1.97,3.35,49.1,29.8,187,86.6,26.74,118.1,6,3,5,8,137,306,336,77.1,14,19,47,8,82.4,Adelaide Oval,10,LWLLWWWWLLWWWLLWLLWLL,10,11,0
9916,2019,23,1,0,87,121,-34,0,18,208,209,417,1,75,67,64,12,17,13,8,6,3,22,59.1,32.08,18.95,46,51,39,50,2.27,3.85,38,26,186.8,86.2,27.16,136.6,3,5,4,10,157,249,302,72.4,18,15,41,4,61.5,236,178,414,1.33,100,61,29,17,12,18,12,11,2,31,58.1,23,13.35,41,40,37,57,1.84,3.17,50.9,31.6,187.5,84.8,23.8,75.6,9,5,6,2,143,273,309,74.6,10,16,57,7,66.7,Mars Stadium,11,LWLLWWWWLLWWWLLWLLWLLL,10,12,0
9931,2020,1,0,1,71,74,-3,0,16,142,108,250,1.31,41,55,34,18,21,11,7,5,0,16,68.8,22.73,15.62,25,45,30,45,2.81,4.09,35.6,24.4,187.5,86.3,25.33,94,8,4,4,6,120,126,175,70,11,6,38,7,63.6,200,113,313,1.77,68,62,34,21,18,11,7,8,0,19,57.9,28.45,16.47,46,54,33,41,2.16,3.73,46.3,26.8,187.2,84.7,24.41,77.6,9,6,4,3,136,170,220,70.3,6,8,47,0,63.6,Adelaide Oval,11,L,0,1,0
10130,2020,2,1,0,35,110,-75,0,13,138,121,259,1.14,39,45,30,14,17,5,5,4,1,10,50,51.8,25.9,31,55,39,30,3,6,30,16.7,187.2,86.3,25.8,85.9,9,4,4,5,119,133,162,62.5,5,4,41,0,100,226,137,363,1.65,105,61,40,17,14,17,9,4,4,25,68,21.35,14.52,39,49,25,57,2.28,3.35,36.8,29.8,188.5,84.6,26.49,116.6,5,7,3,7,138,225,268,73.8,14,13,45,0,52.9,Adelaide Oval,17,LL,0,2,0
10141,2020,3,1,0,29,82,-53,0,8,145,105,250,1.38,56,57,39,26,16,4,2,3,2,9,44.4,62.5,27.78,25,46,43,28,3.11,7,25,14.3,187.3,85.8,25,84,10,2,5,5,105,143,180,72,5,2,33,2,50,195,123,318,1.59,87,75,27,16,26,12,7,9,1,22,54.5,26.5,14.45,38,61,24,56,2.55,4.67,37.5,21.4,186.9,85.3,24.33,74.2,12,2,5,3,122,192,227,71.4,11,10,36,4,58.3,Metricon Stadium,18,LLL,0,3,0
10150,2020,4,1,0,46,83,-37,0,2,162,70,232,2.31,71,55,24,17,20,7,5,1,3,11,63.6,33.14,21.09,22,50,46,28,2.55,4,28.6,25,187.9,86,24.66,71,13,2,2,5,91,125,166,71.6,4,5,34,1,71.4,199,86,285,2.31,80,68,29,20,17,10,9,22,1,33,30.3,28.5,8.64,31,32,21,60,1.82,6,53.3,16.7,188.9,89,25.66,98.5,6,5,6,5,131,145,190,66.7,21,19,42,3,90,Gabba,18,LLLL,0,4,0
10188,2020,5,0,1,34,54,-20,0,6,170,133,303,1.28,79,39,18,13,17,4,2,7,3,14,28.6,75.75,21.64,24,40,33,42,3,10.5,26.2,9.5,187,85.6,25.24,81,11,2,4,5,106,194,228,75.2,10,6,32,2,50,197,88,285,2.24,109,41,31,17,13,8,7,5,1,14,57.1,35.62,20.36,20,40,37,43,3.07,5.38,30.2,18.6,188.1,87.9,24.66,75.8,10,7,2,3,98,183,228,80,11,15,29,6,87.5,Metricon Stadium,18,LLLLL,0,5,0
10212,2020,6,1,0,34,67,-33,0,17,180,144,324,1.25,102,41,17,18,17,5,3,4,0,9,55.6,64.8,36,17,48,38,24,2.67,4.8,37.5,20.8,186.7,84.5,25.8,80,11,2,4,5,95,229,248,76.5,8,5,29,1,60,180,104,284,1.73,90,44,28,17,18,10,6,7,0,17,58.8,28.4,16.71,28,44,19,49,2.88,4.9,34.7,20.4,188.2,87.8,26.24,115.6,7,4,2,9,100,190,219,77.1,11,9,41,2,60,Gabba,18,LLLLLL,0,6,0
10226,2020,7,0,1,55,78,-23,0,15,166,120,286,1.38,62,49,29,29,19,8,2,5,2,15,53.3,35.75,19.07,31,51,23,40,2.67,5,32.5,20,186.8,85.1,25.33,84.9,10,2,4,6,114,165,204,71.3,13,6,43,0,25,175,82,257,2.13,62,60,34,19,29,12,6,3,3,18,66.7,21.42,14.28,36,59,31,35,1.94,2.92,42.9,34.3,188,86,24.74,81.5,8,8,3,3,119,130,175,68.1,9,4,38,0,50,Adelaide Oval,18,LLLLLLL,0,7,0
10232,2020,8,0,1,59,62,-3,0,5,167,150,317,1.11,55,54,27,16,20,8,6,10,1,19,42.1,39.62,16.68,29,52,38,45,2.37,5.62,40,17.8,187,85.7,25.24,84,11,1,4,6,131,187,236,74.4,11,4,53,4,75,176,146,322,1.21,66,76,25,20,16,9,8,6,2,17,52.9,35.78,18.94,37,64,37,47,2.76,5.22,31.9,19.1,185.1,85,25.8,76.5,8,9,3,2,138,175,220,68.3,10,4,41,9,88.9,Adelaide Oval,18,LLLLLLLL,0,8,0
10240,2020,9,1,0,50,119,-69,0,12,137,121,258,1.13,53,73,27,22,17,7,3,3,5,15,46.7,36.86,17.2,20,47,29,36,2.4,5.14,27.8,19.4,187.2,85.3,25.33,83,10,2,5,5,102,155,185,71.7,5,5,38,5,42.9,201,157,358,1.28,100,66,29,17,22,19,13,3,2,24,79.2,18.84,14.92,35,53,28,48,2,2.53,45.8,39.6,188.9,87.2,25.33,86.2,9,5,2,6,125,232,269,75.1,15,10,33,7,68.4,Metricon Stadium,18,LLLLLLLLL,0,9,0
10248,2020,10,0,1,37,88,-51,0,11,133,119,252,1.12,38,67,31,25,17,5,2,4,3,12,41.7,50.4,21,28,44,31,33,2.75,6.6,27.3,15.2,187.3,85.2,24.33,74.1,13,1,3,5,115,123,168,66.7,11,4,36,4,40,176,114,290,1.54,66,56,43,17,25,13,6,8,2,23,56.5,22.31,12.61,35,54,28,45,1.96,3.46,46.7,28.9,187.5,87.6,25.66,96.1,5,9,5,3,135,147,192,66.2,15,10,39,2,46.2,Adelaide Oval,18,LLLLLLLLLL,0,10,0
10258,2020,11,0,1,38,62,-24,0,4,158,119,277,1.33,72,52,27,12,20,5,3,5,3,13,38.5,55.4,21.31,29,54,31,30,2.31,6,33.3,16.7,187,85.5,24.74,73.1,13,0,3,6,113,164,198,71.5,13,5,36,1,60,185,139,324,1.33,77,60,28,20,12,10,5,2,0,12,83.3,32.4,27,32,48,25,42,3.5,4.2,28.6,23.8,188.2,87.6,26.24,94,10,3,4,5,108,214,242,74.7,9,11,42,2,50,Adelaide Oval,18,LLLLLLLLLLL,0,11,0
10265,2020,12,1,0,54,111,-57,0,18,133,119,252,1.12,50,40,45,17,18,8,6,6,0,14,57.1,31.5,18,19,39,43,32,2.29,4,43.8,25,186.5,85.9,25.24,87.7,11,1,3,7,99,146,180,71.4,5,3,32,2,75,201,172,373,1.17,78,54,20,18,17,16,11,14,1,31,51.6,23.31,12.03,44,40,24,61,1.97,3.81,49.2,26.2,186.2,84,24.58,74.3,9,6,5,2,138,236,280,75.1,10,17,36,18,68.8,Metricon Stadium,18,LLLLLLLLLLLL,0,12,0
10274,2020,13,0,1,37,65,-28,0,7,135,115,250,1.17,42,74,40,18,10,5,2,7,0,12,41.7,50,20.83,31,38,31,28,2.33,5.6,42.9,17.9,186,85.1,24.66,77.1,13,1,2,6,116,130,166,66.4,5,4,28,1,40,185,156,341,1.19,81,77,36,10,18,9,7,9,2,20,45,37.89,17.05,36,51,23,42,2.1,4.67,42.9,21.4,188.4,88.6,26.49,116.8,6,5,3,8,126,215,250,73.3,9,9,43,6,77.8,Adelaide Oval,18,LLLLLLLLLLLLL,0,13,0
10286,2020,15,1,1,83,48,35,1,10,159,161,320,0.99,58,42,30,14,15,12,10,10,1,23,52.2,26.67,13.91,31,45,27,46,2,3.83,47.8,26.1,185.9,85.8,25.24,89.7,11,2,2,7,128,190,238,74.4,13,14,40,0,83.3,152,103,255,1.48,58,52,22,15,14,7,6,3,3,13,53.8,36.43,19.62,28,42,31,35,2.69,5,28.6,20,187.9,86.4,26.58,116.6,8,4,2,8,103,145,184,72.2,6,6,41,5,85.7,Adelaide Oval,18,LLLLLLLLLLLLLW,1,13,0
10297,2020,16,0,0,59,47,12,1,9,172,146,318,1.18,52,69,48,13,10,8,5,9,2,19,42.1,39.75,16.74,34,37,18,49,2.58,6.12,34.7,16.3,185.9,85.5,25.16,90.2,11,2,2,7,138,179,212,66.7,11,8,55,2,62.5,173,118,291,1.47,73,76,23,10,13,7,6,3,2,12,58.3,41.57,24.25,24,44,40,26,2.17,3.71,38.5,26.9,189.1,87.4,26.8,102.7,6,7,4,5,110,177,200,68.7,10,3,51,2,85.7,Adelaide Oval,18,LLLLLLLLLLLLLWW,2,13,0
10305,2020,17,1,1,72,56,16,1,3,191,133,324,1.44,68,52,38,10,14,10,7,9,3,22,45.5,32.4,14.73,30,38,36,44,2,4.4,43.2,22.7,187.4,85.2,24.91,79.9,12,2,2,6,121,195,238,73.5,4,11,32,3,70,176,97,273,1.81,82,65,22,14,10,8,8,8,0,16,50,34.12,17.06,32,42,31,44,2.75,5.5,36.4,18.2,188.3,86,26,113.5,8,4,5,5,114,153,186,68.1,16,9,51,7,100,Metricon Stadium,18,LLLLLLLLLLLLLWWW,3,13,0
10312,2020,18,0,1,33,77,-44,0,14,173,157,330,1.1,67,40,32,17,8,4,1,8,1,13,30.8,82.5,25.38,30,36,45,34,2.62,8.5,35.3,11.8,186.7,86,25.58,96.9,10,2,2,8,127,190,238,72.1,15,5,41,1,25,177,119,296,1.49,77,61,28,8,17,12,10,3,2,17,70.6,24.67,17.41,27,49,29,57,3.35,4.75,26.3,21.1,185.9,85.8,26.66,118.6,6,5,3,8,122,171,206,69.6,12,14,54,8,83.3,Adelaide Oval,18,LLLLLLLLLLLLLWWWL,3,14,0
10330,2021,1,0,0,103,91,12,1,7,199,118,317,1.69,90,60,31,31,15,15,12,13,0,28,53.6,21.13,11.32,36,51,37,51,1.82,3.4,54.9,29.4,186.3,83.3,24.66,66.2,15,1,1,6,139,174,225,71,12,13,36,3,80,195,154,349,1.27,80,59,31,15,31,13,10,11,2,26,50,26.85,13.42,38,60,35,52,2,4,46.2,25,188.7,88.8,27.91,136.6,5,4,5,9,127,218,266,76.2,7,12,40,7,76.9,Adelaide Oval,7,W,1,0,0
10338,2021,2,1,0,88,121,-33,0,16,184,131,315,1.4,59,50,32,28,14,11,6,19,3,33,33.3,28.64,9.55,41,42,43,55,1.67,5,54.5,20,186.3,83.3,24.66,68.7,15,0,1,6,124,179,230,73,5,12,33,3,54.5,239,137,376,1.74,104,55,34,14,28,18,14,11,2,31,58.1,20.89,12.13,28,47,44,61,1.97,3.39,47.5,29.5,187.4,84.2,24.8,97,8,3,5,6,128,232,280,74.5,8,15,53,6,77.8,SCG,12,WL,1,1,0
10347,2021,3,0,0,95,85,10,1,8,209,160,369,1.31,81,58,36,17,20,14,9,10,1,25,56,26.36,14.76,34,60,45,57,2.28,4.07,42.1,24.6,186.1,83.3,24.74,71,14,1,1,6,148,218,276,74.8,12,11,57,0,64.3,230,99,329,2.32,104,71,34,20,17,12,10,11,2,25,48,27.42,13.16,41,55,41,58,2.32,4.83,39.7,20.7,187.3,84.9,24.8,78.3,9,7,4,3,150,169,227,69,14,10,43,6,83.3,Adelaide Oval,8,WLW,2,1,0
10360,2021,4,1,1,109,68,41,1,12,221,149,370,1.48,105,68,32,26,28,16,13,11,2,29,55.2,23.12,12.76,32,55,42,59,2.03,3.69,45.8,27.1,186.6,83.8,24.41,63.3,14,2,1,5,141,227,288,77.8,19,15,46,9,81.2,190,138,328,1.38,76,66,38,28,25,10,5,6,2,18,55.6,32.8,18.22,30,68,42,53,2.94,5.3,30.2,18.9,187.8,84.1,24.8,72.8,14,3,2,4,132,188,230,70.1,8,6,44,12,50,Marvel Stadium,5,WLWW,3,1,0
10369,2021,5,0,1,72,84,-12,0,6,213,161,374,1.32,94,51,37,18,20,11,7,6,0,17,64.7,34,22,35,60,42,55,3.24,5,30.9,20,186.6,83.8,24.41,64.3,14,2,1,5,139,229,275,73.5,13,9,56,4,63.6,218,141,359,1.55,102,57,39,20,18,12,11,8,4,24,50,29.92,14.96,42,53,42,54,2.25,4.5,37,22.2,187.9,88.6,25.8,85.3,8,7,5,3,152,210,266,74.1,18,14,52,12,91.7,Adelaide Oval,7,WLWWL,3,2,0
10378,2021,6,1,0,99,102,-3,0,10,197,141,338,1.4,80,58,44,25,30,16,10,3,0,19,84.2,21.12,17.79,40,69,44,51,2.68,3.19,37.3,31.4,187.6,84.9,24.16,63.1,14,3,1,5,144,195,252,74.6,19,14,32,3,62.5,206,162,368,1.27,86,51,27,30,25,15,11,9,3,27,55.6,24.53,13.63,30,70,35,61,2.26,4.07,39.3,24.6,186.7,85,25.74,102.9,9,4,5,5,146,214,260,70.7,16,18,39,10,73.3,University of Tasmania Stadium,9,WLWWLL,3,3,0
10388,2021,7,0,1,39,106,-67,0,9,197,152,349,1.3,86,43,29,17,18,4,2,9,6,19,21.1,87.25,18.37,17,54,42,52,2.74,13,25,7.7,187.1,85,24,60.9,14,3,1,4,114,230,266,76.2,9,5,44,9,50,246,163,409,1.51,112,60,24,18,17,15,12,14,2,31,48.4,27.27,13.19,41,52,48,58,1.87,3.87,50,25.9,188.3,86.4,25.8,77.5,8,10,1,4,135,262,309,75.6,7,14,57,5,80,Adelaide Oval,13,WLWWLLL,3,4,0
10397,2021,8,1,0,38,87,-49,0,13,197,125,322,1.58,46,76,32,21,18,5,4,8,0,13,38.5,64.4,24.77,38,59,48,48,3.69,9.6,27.1,10.4,186.7,84.6,24.49,76.2,13,3,1,6,159,145,199,61.8,5,2,56,0,80,257,161,418,1.6,84,85,42,18,21,12,9,12,3,27,44.4,34.83,15.48,44,65,43,63,2.33,5.25,38.1,19,187.5,83.5,25.8,103.7,7,6,3,7,170,235,290,69.4,13,12,57,3,75,Adelaide Oval,14,WLWWLLLL,3,5,0
10407,2021,9,1,0,76,106,-30,0,17,201,171,372,1.18,82,47,20,18,17,11,7,10,0,21,52.4,33.82,17.71,30,57,32,56,2.67,5.09,37.5,19.6,187,84.3,24.33,68.8,14,2,1,5,143,229,272,73.1,16,13,50,1,63.6,241,148,389,1.63,127,49,41,17,18,16,13,9,1,26,61.5,24.31,14.96,32,45,45,48,1.85,3,52.1,33.3,189.8,89.1,26.16,110,7,6,2,7,132,256,306,78.7,18,18,40,7,81.2,Optus Stadium,15,WLWWLLLLL,3,6,0
10415,2021,10,0,0,96,95,1,1,11,207,163,370,1.27,88,65,27,24,24,15,11,5,1,21,71.4,24.67,17.62,23,59,37,47,2.24,3.13,42.6,31.9,186.5,85,24.66,78.8,13,2,1,6,142,220,277,74.9,17,8,50,7,73.3,207,126,333,1.64,74,78,49,24,24,14,9,9,2,25,56,23.79,13.32,44,59,30,54,2.16,3.86,42.6,25.9,187.9,86.4,25.16,92.7,7,4,6,5,153,175,235,70.6,18,11,44,3,64.3,Adelaide Oval,13,WLWWLLLLLW,4,6,0
10419,2021,11,1,0,83,111,-28,0,14,181,136,317,1.33,55,53,37,12,19,12,7,9,2,23,52.2,26.42,13.78,40,59,31,50,2.17,4.17,42,24,186.4,84.4,24.49,77,14,1,2,6,134,167,224,70.7,16,8,42,0,58.3,247,143,390,1.73,146,68,32,19,12,17,12,8,1,26,65.4,22.94,15,27,51,37,48,1.85,2.82,52.1,35.4,186.5,86.3,26.24,113.4,6,5,3,8,132,260,303,77.7,14,20,38,6,70.6,GIANTS Stadium,15,WLWWLLLLLWL,4,7,0
10429,2021,12,0,1,73,78,-5,0,4,202,155,357,1.3,75,52,37,19,16,10,9,11,2,23,43.5,35.7,15.52,38,48,32,50,2.17,5,42,20,186.8,84.1,24.49,73.7,14,1,2,5,142,211,258,72.3,15,15,48,2,90,225,109,334,2.06,115,76,29,16,19,12,10,5,1,18,66.7,27.83,18.56,31,54,40,44,2.44,3.67,38.6,27.3,188.1,86.9,25.41,86.8,11,2,6,4,122,206,252,75.4,16,15,46,1,83.3,Adelaide Oval,15,WLWWLLLLLWLL,4,8,0
10434,2021,13,1,1,66,60,6,1,15,223,134,357,1.66,43,57,35,29,26,9,4,9,3,21,42.9,39.67,17,46,75,45,54,2.57,6,33.3,16.7,186.8,83.8,24.41,74.2,13,2,2,5,164,168,227,63.6,4,5,51,0,44.4,236,145,381,1.63,70,102,45,25,29,8,3,9,3,20,40,47.62,19.05,30,74,44,57,2.85,7.12,29.8,14,187.9,84.7,25,78.9,6,9,6,2,161,200,241,63.3,12,7,73,3,37.5,Cazalys Stadium,12,WLWWLLLLLWLLW,5,8,0
10445,2021,15,1,0,73,83,-10,0,3,199,127,326,1.57,83,52,34,22,14,10,8,9,4,23,43.5,32.6,14.17,38,47,42,50,2.17,5,38,20,186.1,84,24.8,83.2,12,2,2,6,117,202,246,75.5,3,10,38,2,80,244,136,380,1.79,128,45,30,14,22,12,9,11,0,23,52.2,31.67,16.52,22,54,41,54,2.35,4.5,42.6,22.2,187.5,85.7,26,110,4,7,7,5,130,251,275,72.4,11,19,54,12,75,Marvel Stadium,14,WLWWLLLLLWLLWL,5,9,0
10460,2021,16,0,1,59,111,-52,0,2,212,144,356,1.47,54,61,45,18,20,8,7,10,1,19,42.1,44.5,18.74,41,60,43,45,2.37,5.62,40,17.8,187,84.8,24.41,78.5,13,2,2,6,167,181,224,62.9,11,6,63,6,87.5,217,133,350,1.63,69,77,31,20,18,17,10,7,2,26,65.4,20.59,13.46,53,47,35,62,2.38,3.65,38.7,27.4,188.9,88.2,25.91,107.8,4,8,5,5,166,179,240,68.6,12,9,55,2,58.8,Adelaide Oval,15,WLWWLLLLLWLLWLL,5,10,0
10464,2021,17,1,0,21,84,-63,0,5,208,122,330,1.7,108,45,43,16,23,2,0,8,1,11,18.2,165,30,30,61,48,31,2.82,15.5,32.3,6.5,186.3,83.4,23.91,64.9,14,3,2,4,104,216,247,74.8,7,2,40,0,0,224,157,381,1.43,112,57,26,23,16,11,9,15,3,29,37.9,34.64,13.14,36,43,28,61,2.1,5.55,42.6,18,188.2,86.1,24.8,74.7,9,8,2,4,124,247,292,76.6,16,13,51,15,81.8,Marvel Stadium,16,WLWWLLLLLWLLWLLL,5,11,0
10478,2021,18,0,1,56,98,-42,0,17,228,165,393,1.38,105,57,28,23,18,8,6,6,2,16,50,49.12,24.56,32,42,45,44,2.75,5.5,31.8,18.2,186.5,84,24.66,82,12,3,2,6,118,271,307,78.1,5,8,59,4,75,245,131,376,1.87,118,58,39,18,23,14,10,12,2,28,50,26.86,13.43,35,41,35,60,2.14,4.29,43.3,23.3,187.9,87,25.24,115.3,7,5,3,8,130,238,291,77.4,13,11,53,8,71.4,Adelaide Oval,16,WLWWLLLLLWLLWLLLL,5,12,0
10496,2021,19,0,0,102,83,19,1,10,234,119,353,1.97,117,49,29,23,20,16,9,4,2,22,72.7,22.06,16.05,32,57,45,48,2.18,3,41.7,33.3,187.5,84.6,25,84.7,12,3,2,6,137,210,257,72.8,19,15,50,2,56.2,199,173,372,1.15,78,66,45,20,23,13,8,4,1,18,72.2,28.62,20.67,40,64,32,59,3.28,4.54,28.8,22,188.7,85.9,25.8,106.3,9,4,5,5,145,223,275,73.9,14,7,47,7,61.5,Marvel Stadium,15,WLWWLLLLLWLLWLLLLW,6,12,0
10532,2021,20,1,0,56,105,-49,0,18,185,146,331,1.27,68,58,49,20,20,8,5,6,2,16,50,41.38,20.69,35,68,50,40,2.5,5,35,20,186.7,84.5,24.8,84.9,12,3,2,6,142,182,229,69.2,17,8,43,4,62.5,211,161,372,1.31,85,69,36,20,20,15,9,9,6,30,50,24.8,12.4,44,54,32,65,2.17,4.33,36.9,23.1,187.1,84.3,25,91.1,5,9,2,6,142,222,274,73.7,16,17,51,7,60,Mars Stadium,16,WLWWLLLLLWLLWLLLLWL,6,13,0
10505,2021,21,0,1,51,55,-4,0,13,205,154,359,1.33,54,64,30,25,23,7,5,7,2,16,43.8,51.29,22.44,33,56,40,48,3,6.86,29.2,14.6,188,85,24.41,75.4,13,3,2,5,155,192,247,68.8,8,7,49,4,71.4,240,150,390,1.6,90,77,37,23,25,7,6,10,3,20,35,55.71,19.5,36,58,40,48,2.4,6.86,35.4,14.6,188.3,83.9,25.66,105.5,6,8,3,5,165,221,264,67.7,18,10,64,6,85.7,Adelaide Oval,17,WLWWLLLLLWLLWLLLLWLL,6,14,0
10512,2021,22,1,0,63,104,-41,0,11,220,166,386,1.33,97,63,28,18,26,9,6,7,2,18,50,42.89,21.44,36,64,43,47,2.61,5.22,34,19.1,187.7,84.5,24.33,66.3,14,3,2,4,139,244,289,74.9,14,12,38,6,66.7,215,137,352,1.57,92,77,47,26,18,16,8,8,0,24,66.7,22,14.67,34,52,38,59,2.46,3.69,40.7,27.1,187.1,84.4,24.49,86.2,8,2,9,3,139,204,254,72.2,9,12,42,2,50,MCG,17,WLWWLLLLLWLLWLLLLWLLL,6,15,0
10524,2021,23,0,0,98,54,44,1,12,222,196,418,1.13,90,57,37,14,19,13,9,17,3,33,39.4,32.15,12.67,42,55,28,57,1.73,4.38,52.6,22.8,187.7,83.7,24.66,72.5,13,3,1,5,152,266,317,75.8,14,22,36,8,69.2,175,140,315,1.25,69,67,45,19,14,8,3,5,1,14,57.1,39.38,22.5,26,57,42,37,2.64,4.62,35.1,21.6,187.6,83.9,24.49,83.2,9,6,5,3,111,190,226,71.7,5,9,44,12,37.5,Adelaide Oval,15,WLWWLLLLLWLLWLLLLWLLLW,7,15,0
10551,2022,1,0,1,82,83,-1,0,6,215,144,359,1.49,92,51,29,32,15,12,7,10,0,22,54.5,29.92,16.32,35,55,43,48,2.18,4,45.8,25,187.2,87,23.8,58.5,14,5,1,3,143,219,259,72.1,8,12,45,1,58.3,175,138,313,1.27,73,58,41,16,32,11,8,15,2,28,39.3,28.45,11.18,38,61,36,55,1.96,5,47.3,20,188.7,88.3,24.49,67.3,13,5,2,2,129,187,237,75.7,7,10,57,5,72.7,Adelaide Oval,10,L,0,1,0
